Date,Time,Process,PowerShellCommand_Start,PowerShellCommand_Kill
2024-04-15,15:50:31.248024,LockApp.exe,Start-Process -FilePath 'LockApp.exe' -NoNewWindow -PassThru,Stop-Process -Id 26444 -Force
2024-04-15,15:50:31.248024,RuntimeBroker.exe,Start-Process -FilePath 'RuntimeBroker.exe' -NoNewWindow -PassThru,Stop-Process -Id 14688 -Force
2024-04-15,15:50:31.248024,dllhost.exe,Start-Process -FilePath 'dllhost.exe' -NoNewWindow -PassThru,Stop-Process -Id 10432 -Force
2024-04-15,15:49:30.203196,svchost.exe,Start-Process -FilePath 'svchost.exe' -NoNewWindow -PassThru,Stop-Process -Id 2000 -Force
2024-04-15,15:49:30.203196,warp-svc.exe,Start-Process -FilePath 'warp-svc.exe' -NoNewWindow -PassThru,Stop-Process -Id 5836 -Force
2024-04-15,15:49:30.203196,svchost.exe,Start-Process -FilePath 'svchost.exe' -NoNewWindow -PassThru,Stop-Process -Id 5100 -Force
2024-04-15,15:50:31.248024,svchost.exe,Start-Process -FilePath 'svchost.exe' -NoNewWindow -PassThru,Stop-Process -Id 12704 -Force
2024-04-15,15:50:31.248024,powershell.exe,Start-Process -FilePath 'powershell.exe' -NoNewWindow -PassThru,Stop-Process -Id 5884 -Force
2024-04-15,15:49:30.203196,SnippingTool.exe,Start-Process -FilePath 'SnippingTool.exe' -NoNewWindow -PassThru,Stop-Process -Id 10516 -Force
2024-04-15,15:50:31.248024,OneApp.IGCC.WinService.exe,Start-Process -FilePath 'OneApp.IGCC.WinService.exe' -NoNewWindow -PassThru,Stop-Process -Id 5124 -Force
2024-04-15,15:50:31.248024,svchost.exe,Start-Process -FilePath 'svchost.exe' -NoNewWindow -PassThru,Stop-Process -Id 5100 -Force
2024-04-15,15:50:31.248024,RuntimeBroker.exe,Start-Process -FilePath 'RuntimeBroker.exe' -NoNewWindow -PassThru,Stop-Process -Id 8640 -Force
2024-04-15,15:49:30.203196,chrome.exe,Start-Process -FilePath 'chrome.exe' -NoNewWindow -PassThru,Stop-Process -Id 4968 -Force
2024-04-15,15:49:30.203196,svchost.exe,Start-Process -FilePath 'svchost.exe' -NoNewWindow -PassThru,Stop-Process -Id 4696 -Force
2024-04-15,15:50:31.248024,dptf_helper.exe,Start-Process -FilePath 'dptf_helper.exe' -NoNewWindow -PassThru,Stop-Process -Id 8156 -Force
2024-04-15,15:49:30.203196,svchost.exe,Start-Process -FilePath 'svchost.exe' -NoNewWindow -PassThru,Stop-Process -Id 2844 -Force
2024-04-15,15:49:30.203196,svchost.exe,Start-Process -FilePath 'svchost.exe' -NoNewWindow -PassThru,Stop-Process -Id 8268 -Force
2024-04-15,15:50:31.248024,svchost.exe,Start-Process -FilePath 'svchost.exe' -NoNewWindow -PassThru,Stop-Process -Id 3096 -Force
2024-04-15,15:50:31.248024,svchost.exe,Start-Process -FilePath 'svchost.exe' -NoNewWindow -PassThru,Stop-Process -Id 4696 -Force
2024-04-15,15:49:30.203196,svchost.exe,Start-Process -FilePath 'svchost.exe' -NoNewWindow -PassThru,Stop-Process -Id 8928 -Force
2024-04-15,15:50:31.248024,svchost.exe,Start-Process -FilePath 'svchost.exe' -NoNewWindow -PassThru,Stop-Process -Id 8268 -Force
2024-04-15,15:49:30.203196,chrome.exe,Start-Process -FilePath 'chrome.exe' -NoNewWindow -PassThru,Stop-Process -Id 5256 -Force
2024-04-15,15:49:30.203196,chrome.exe,Start-Process -FilePath 'chrome.exe' -NoNewWindow -PassThru,Stop-Process -Id 8444 -Force
2024-04-15,15:49:30.203196,winlogon.exe,Start-Process -FilePath 'winlogon.exe' -NoNewWindow -PassThru,Stop-Process -Id 1604 -Force
2024-04-15,15:49:30.203196,svchost.exe,Start-Process -FilePath 'svchost.exe' -NoNewWindow -PassThru,Stop-Process -Id 9816 -Force
2024-04-15,15:50:31.248024,svchost.exe,Start-Process -FilePath 'svchost.exe' -NoNewWindow -PassThru,Stop-Process -Id 8928 -Force
2024-04-15,15:49:30.203196,powershell.exe,Start-Process -FilePath 'powershell.exe' -NoNewWindow -PassThru,Stop-Process -Id 23680 -Force
2024-04-15,15:49:30.203196,msedgewebview2.exe,Start-Process -FilePath 'msedgewebview2.exe' -NoNewWindow -PassThru,Stop-Process -Id 17012 -Force
2024-04-15,15:49:30.203196,conhost.exe,Start-Process -FilePath 'conhost.exe' -NoNewWindow -PassThru,Stop-Process -Id 7032 -Force
2024-04-15,15:50:31.248024,smartscreen.exe,Start-Process -FilePath 'smartscreen.exe' -NoNewWindow -PassThru,Stop-Process -Id 9036 -Force
2024-04-15,15:50:31.248024,UserOOBEBroker.exe,Start-Process -FilePath 'UserOOBEBroker.exe' -NoNewWindow -PassThru,Stop-Process -Id 17528 -Force
2024-04-15,15:49:30.203196,svchost.exe,Start-Process -FilePath 'svchost.exe' -NoNewWindow -PassThru,Stop-Process -Id 4264 -Force
2024-04-15,15:49:30.203196,svchost.exe,Start-Process -FilePath 'svchost.exe' -NoNewWindow -PassThru,Stop-Process -Id 5084 -Force
2024-04-15,15:49:30.203196,Code.exe,Start-Process -FilePath 'Code.exe' -NoNewWindow -PassThru,Stop-Process -Id 16280 -Force
2024-04-15,15:50:31.248024,svchost.exe,Start-Process -FilePath 'svchost.exe' -NoNewWindow -PassThru,Stop-Process -Id 9816 -Force
2024-04-15,15:50:31.248024,Code.exe,Start-Process -FilePath 'Code.exe' -NoNewWindow -PassThru,Stop-Process -Id 21324 -Force
2024-04-15,15:49:30.203196,powershell.exe,Start-Process -FilePath 'powershell.exe' -NoNewWindow -PassThru,Stop-Process -Id 19032 -Force
2024-04-15,15:49:30.203196,StartMenuExperienceHost.exe,Start-Process -FilePath 'StartMenuExperienceHost.exe' -NoNewWindow -PassThru,Stop-Process -Id 10012 -Force
2024-04-15,15:49:30.203196,svchost.exe,Start-Process -FilePath 'svchost.exe' -NoNewWindow -PassThru,Stop-Process -Id 12268 -Force
2024-04-15,15:50:31.248024,svchost.exe,Start-Process -FilePath 'svchost.exe' -NoNewWindow -PassThru,Stop-Process -Id 4264 -Force
2024-04-15,15:50:31.248024,svchost.exe,Start-Process -FilePath 'svchost.exe' -NoNewWindow -PassThru,Stop-Process -Id 5084 -Force
2024-04-15,15:50:31.248024,os_server.exe,Start-Process -FilePath 'os_server.exe' -NoNewWindow -PassThru,Stop-Process -Id 16688 -Force
2024-04-15,15:50:31.248024,WhatsApp.exe,Start-Process -FilePath 'WhatsApp.exe' -NoNewWindow -PassThru,Stop-Process -Id 12424 -Force
2024-04-15,15:49:30.203196,TbtP2pShortcutService.exe,Start-Process -FilePath 'TbtP2pShortcutService.exe' -NoNewWindow -PassThru,Stop-Process -Id 5296 -Force
2024-04-15,15:49:30.203196,WUDFHost.exe,Start-Process -FilePath 'WUDFHost.exe' -NoNewWindow -PassThru,Stop-Process -Id 3992 -Force
2024-04-15,15:50:31.248024,,Start-Process -FilePath '' -NoNewWindow -PassThru,Stop-Process -Id 108 -Force
2024-04-15,15:50:31.248024,svchost.exe,Start-Process -FilePath 'svchost.exe' -NoNewWindow -PassThru,Stop-Process -Id 12268 -Force
2024-04-15,15:50:31.248024,Code.exe,Start-Process -FilePath 'Code.exe' -NoNewWindow -PassThru,Stop-Process -Id 18056 -Force
2024-04-15,15:49:30.203196,chrome.exe,Start-Process -FilePath 'chrome.exe' -NoNewWindow -PassThru,Stop-Process -Id 5768 -Force
2024-04-15,15:49:30.203196,svchost.exe,Start-Process -FilePath 'svchost.exe' -NoNewWindow -PassThru,Stop-Process -Id 25316 -Force
2024-04-15,15:49:30.203196,GoogleCrashHandler64.exe,Start-Process -FilePath 'GoogleCrashHandler64.exe' -NoNewWindow -PassThru,Stop-Process -Id 11740 -Force
2024-04-15,15:50:31.248024,wslservice.exe,Start-Process -FilePath 'wslservice.exe' -NoNewWindow -PassThru,Stop-Process -Id 5192 -Force
2024-04-15,15:49:30.203196,Code.exe,Start-Process -FilePath 'Code.exe' -NoNewWindow -PassThru,Stop-Process -Id 11936 -Force
2024-04-15,15:50:31.248024,taskhostw.exe,Start-Process -FilePath 'taskhostw.exe' -NoNewWindow -PassThru,Stop-Process -Id 8396 -Force
2024-04-15,15:50:31.248024,svchost.exe,Start-Process -FilePath 'svchost.exe' -NoNewWindow -PassThru,Stop-Process -Id 25316 -Force
2024-04-15,15:49:30.203196,python.exe,Start-Process -FilePath 'python.exe' -NoNewWindow -PassThru,Stop-Process -Id 20996 -Force
2024-04-15,15:49:30.203196,Code.exe,Start-Process -FilePath 'Code.exe' -NoNewWindow -PassThru,Stop-Process -Id 22628 -Force
2024-04-15,15:49:30.203196,dwm.exe,Start-Process -FilePath 'dwm.exe' -NoNewWindow -PassThru,Stop-Process -Id 1556 -Force
2024-04-15,15:50:31.248024,svchost.exe,Start-Process -FilePath 'svchost.exe' -NoNewWindow -PassThru,Stop-Process -Id 4348 -Force
2024-04-15,15:50:31.248024,svchost.exe,Start-Process -FilePath 'svchost.exe' -NoNewWindow -PassThru,Stop-Process -Id 7228 -Force
2024-04-15,15:50:31.248024,Code.exe,Start-Process -FilePath 'Code.exe' -NoNewWindow -PassThru,Stop-Process -Id 8412 -Force
2024-04-15,15:49:30.203196,RtkAudUService64.exe,Start-Process -FilePath 'RtkAudUService64.exe' -NoNewWindow -PassThru,Stop-Process -Id 4896 -Force
2024-04-15,15:49:30.203196,svchost.exe,Start-Process -FilePath 'svchost.exe' -NoNewWindow -PassThru,Stop-Process -Id 1728 -Force
2024-04-15,15:49:30.203196,svchost.exe,Start-Process -FilePath 'svchost.exe' -NoNewWindow -PassThru,Stop-Process -Id 2712 -Force
2024-04-15,15:50:31.248024,WmiPrvSE.exe,Start-Process -FilePath 'WmiPrvSE.exe' -NoNewWindow -PassThru,Stop-Process -Id 7012 -Force
2024-04-15,15:49:30.203196,svchost.exe,Start-Process -FilePath 'svchost.exe' -NoNewWindow -PassThru,Stop-Process -Id 5040 -Force
2024-04-15,15:49:30.203196,powershell.exe,Start-Process -FilePath 'powershell.exe' -NoNewWindow -PassThru,Stop-Process -Id 18704 -Force
2024-04-15,15:50:31.248024,svchost.exe,Start-Process -FilePath 'svchost.exe' -NoNewWindow -PassThru,Stop-Process -Id 1728 -Force
2024-04-15,15:49:30.203196,svchost.exe,Start-Process -FilePath 'svchost.exe' -NoNewWindow -PassThru,Stop-Process -Id 12628 -Force
2024-04-15,15:50:31.248024,GoogleDriveFS.exe,Start-Process -FilePath 'GoogleDriveFS.exe' -NoNewWindow -PassThru,Stop-Process -Id 13916 -Force
2024-04-15,15:49:30.203196,powershell.exe,Start-Process -FilePath 'powershell.exe' -NoNewWindow -PassThru,Stop-Process -Id 20300 -Force
2024-04-15,15:49:30.203196,chrome.exe,Start-Process -FilePath 'chrome.exe' -NoNewWindow -PassThru,Stop-Process -Id 2180 -Force
2024-04-15,15:50:31.248024,svchost.exe,Start-Process -FilePath 'svchost.exe' -NoNewWindow -PassThru,Stop-Process -Id 5040 -Force
2024-04-15,15:50:31.248024,Code.exe,Start-Process -FilePath 'Code.exe' -NoNewWindow -PassThru,Stop-Process -Id 5776 -Force
2024-04-15,15:50:31.248024,svchost.exe,Start-Process -FilePath 'svchost.exe' -NoNewWindow -PassThru,Stop-Process -Id 12628 -Force
2024-04-15,15:49:30.203196,git.exe,Start-Process -FilePath 'git.exe' -NoNewWindow2024-04-15,15:49:30.203196
2024-04-15,15:49:30.203196,Microsoft.SharePoint.exe,Start-Process -FilePath 'Microsoft.SharePoint.exe' -NoNewWindow -PassThru,Stop-Process -Id 1076 -Force
2024-04-15,15:49:30.203196,svchost.exe,Start-Process -FilePath 'svchost.exe' -NoNewWindow -PassThru,Stop-Process -Id 4236 -Force
2024-04-15,15:49:30.203196,Code.exe,Start-Process -FilePath 'Code.exe' -NoNewWindow -PassThru,Stop-Process -Id 13608 -Force
2024-04-15,15:50:31.248024,Microsoft.SharePoint.exe,Start-Process -FilePath 'Microsoft.SharePoint.exe' -NoNewWindow -PassThru,Stop-Process -Id 1076 -Force
2024-04-15,15:50:31.248024,chrome.exe,Start-Process -FilePath 'chrome.exe' -NoNewWindow -PassThru,Stop-Process -Id 12212 -Force
2024-04-15,15:50:31.248024,svchost.exe,Start-Process -FilePath 'svchost.exe' -NoNewWindow -PassThru,Stop-Process -Id 4236 -Force
2024-04-15,15:50:31.248024,OfficeClickToRun.exe,Start-Process -FilePath 'OfficeClickToRun.exe' -NoNewWindow -PassThru,Stop-Process -Id 4764 -Force
2024-04-15,15:50:31.248024,crashpad_handler.exe,Start-Process -FilePath 'crashpad_handler.exe' -NoNewWindow -PassThru,Stop-Process -Id 14344 -Force
2024-04-15,15:50:31.248024,svchost.exe,Start-Process -FilePath 'svchost.exe' -NoNewWindow -PassThru,Stop-Process -Id 16840 -Force
2024-04-15,15:50:31.248024,RuntimeBroker.exe,Start-Process -FilePath 'RuntimeBroker.exe' -NoNewWindow -PassThru,Stop-Process -Id 27080 -Force
2024-04-15,15:49:30.203196,AIoT.exe,Start-Process -FilePath 'AIoT.exe' -NoNewWindow -PassThru,Stop-Process -Id 13948 -Force
2024-04-15,15:49:30.203196,RuntimeBroker.exe,Start-Process -FilePath 'RuntimeBroker.exe' -NoNewWindow -PassThru,Stop-Process -Id 12732 -Force
2024-04-15,15:50:31.248024,IntelCpHDCPSvc.exe,Start-Process -FilePath 'IntelCpHDCPSvc.exe' -NoNewWindow -PassThru,Stop-Process -Id 2428 -Force
2024-04-15,15:49:30.203196,Code.exe,Start-Process -FilePath 'Code.exe' -NoNewWindow -PassThru,Stop-Process -Id 16988 -Force
2024-04-15,15:50:31.248024,conhost.exe,Start-Process -FilePath 'conhost.exe' -NoNewWindow -PassThru,Stop-Process -Id 19800 -Force
2024-04-15,15:49:30.203196,conhost.exe,Start-Process -FilePath 'conhost.exe' -NoNewWindow -PassThru,Stop-Process -Id 19380 -Force
2024-04-15,15:49:30.203196,chrome.exe,Start-Process -FilePath 'chrome.exe' -NoNewWindow -PassThru,Stop-Process -Id 23932 -Force
2024-04-15,15:50:31.248024,SnippingTool.exe,Start-Process -FilePath 'SnippingTool.exe' -NoNewWindow -PassThru,Stop-Process -Id 10516 -Force
2024-04-15,15:49:30.203196,svchost.exe,Start-Process -FilePath 'svchost.exe' -NoNewWindow -PassThru,Stop-Process -Id 2272 -Force
2024-04-15,15:50:31.248024,EpicWebHelper.exe,Start-Process -FilePath 'EpicWebHelper.exe' -NoNewWindow -PassThru,Stop-Process -Id 22316 -Force
2024-04-15,15:50:31.248024,ctfmon.exe,Start-Process -FilePath 'ctfmon.exe' -NoNewWindow -PassThru,Stop-Process -Id 11388 -Force
2024-04-15,15:49:30.203196,chrome.exe,Start-Process -FilePath 'chrome.exe' -NoNewWindow -PassThru,Stop-Process -Id 18288 -Force
2024-04-15,15:50:31.248024,svchost.exe,Start-Process -FilePath 'svchost.exe' -NoNewWindow -PassThru,Stop-Process -Id 6136 -Force
2024-04-15,15:50:31.248024,conhost.exe,Start-Process -FilePath 'conhost.exe' -NoNewWindow -PassThru,Stop-Process -Id 15364 -Force
2024-04-15,15:49:30.203196,WidgetService.exe,Start-Process -FilePath 'WidgetService.exe' -NoNewWindow -PassThru,Stop-Process -Id 13244 -Force
2024-04-15,15:50:31.248024,svchost.exe,Start-Process -FilePath 'svchost.exe' -NoNewWindow -PassThru,Stop-Process -Id 2272 -Force
2024-04-15,15:50:31.248024,svchost.exe,Start-Process -FilePath 'svchost.exe' -NoNewWindow -PassThru,Stop-Process -Id 5208 -Force
2024-04-15,15:50:31.248024,dllhost.exe,Start-Process -FilePath 'dllhost.exe' -NoNewWindow -PassThru,Stop-Process -Id 17112 -Force
2024-04-15,15:49:30.203196,wininit.exe,Start-Process -FilePath 'wininit.exe' -NoNewWindow -PassThru,Stop-Process -Id 1428 -Force
2024-04-15,15:49:30.203196,Code.exe,Start-Process -FilePath 'Code.exe' -NoNewWindow -PassThru,Stop-Process -Id 12904 -Force
2024-04-15,15:50:31.248024,igfxEMN.exe,Start-Process -FilePath 'igfxEMN.exe' -NoNewWindow -PassThru,Stop-Process -Id 8208 -Force
2024-04-15,15:49:30.203196,sh.exe,Start-Process -FilePath 'sh.exe' -NoNewWindow -PassThru,Stop-Process -Id 21368 -Force
2024-04-15,15:50:31.248024,conhost.exe,Start-Process -FilePath 'conhost.exe' -NoNewWindow -PassThru,Stop-Process -Id 6008 -Force
2024-04-15,15:50:31.248024,RuntimeBroker.exe,Start-Process -FilePath 'RuntimeBroker.exe' -NoNewWindow -PassThru,Stop-Process -Id 15840 -Force
2024-04-15,15:49:30.203196,unsecapp.exe,Start-Process -FilePath 'unsecapp.exe' -NoNewWindow -PassThru,Stop-Process -Id 6680 -Force
2024-04-15,15:50:31.248024,conhost.exe,Start-Process -FilePath 'conhost.exe' -NoNewWindow -PassThru,Stop-Process -Id 21348 -Force
2024-04-15,15:50:31.248024,powershell.exe,Start-Process -FilePath 'powershell.exe' -NoNewWindow -PassThru,Stop-Process -Id 24680 -Force
2024-04-15,15:49:30.203196,System Idle Process,Start-Process -FilePath 'System Idle Process' -NoNewWindow -PassThru,Stop-Process -Id 0 -Force
2024-04-15,15:49:30.203196,svchost.exe,Start-Process -FilePath 'svchost.exe' -NoNewWindow -PassThru,Stop-Process -Id 4780 -Force
2024-04-15,15:49:30.203196,svchost.exe,Start-Process -FilePath 'svchost.exe' -NoNewWindow -PassThru,Stop-Process -Id 3828 -Force
2024-04-15,15:49:30.203196,TextInputHost.exe,Start-Process -FilePath 'TextInputHost.exe' -NoNewWindow -PassThru,Stop-Process -Id 4200 -Force
2024-04-15,15:49:30.203196,Code.exe,Start-Process -FilePath 'Code.exe' -NoNewWindow -PassThru,Stop-Process -Id 10132 -Force
2024-04-15,15:49:30.203196,svchost.exe,Start-Process -FilePath 'svchost.exe' -NoNewWindow -PassThru,Stop-Process -Id 2336 -Force
2024-04-15,15:49:30.203196,python.exe,Start-Process -FilePath 'python.exe' -NoNewWindow -PassThru,Stop-Process -Id 6504 -Force
2024-04-15,15:50:31.248024,svchost.exe,Start-Process -FilePath 'svchost.exe' -NoNewWindow -PassThru,Stop-Process -Id 4780 -Force
2024-04-15,15:50:31.248024,Code.exe,Start-Process -FilePath 'Code.exe' -NoNewWindow -PassThru,Stop-Process -Id 8900 -Force
2024-04-15,15:49:30.203196,wlanext.exe,Start-Process -FilePath 'wlanext.exe' -NoNewWindow -PassThru,Stop-Process -Id 6988 -Force
2024-04-15,15:50:31.248024,Code.exe,Start-Process -FilePath 'Code.exe' -NoNewWindow -PassThru,Stop-Process -Id 11596 -Force
2024-04-15,15:49:30.203196,svchost.exe,Start-Process -FilePath 'svchost.exe' -NoNewWindow -PassThru,Stop-Process -Id 7124 -Force
2024-04-15,15:50:31.248024,svchost.exe,Start-Process -FilePath 'svchost.exe' -NoNewWindow -PassThru,Stop-Process -Id 3828 -Force
2024-04-15,15:49:30.203196,WUDFHost.exe,Start-Process -FilePath 'WUDFHost.exe' -NoNewWindow -PassThru,Stop-Process -Id 1784 -Force
2024-04-15,15:50:31.248024,fontdrvhost.exe,Start-Process -FilePath 'fontdrvhost.exe' -NoNewWindow -PassThru,Stop-Process -Id 1760 -Force
2024-04-15,15:50:31.248024,StartMenuExperienceHost.exe,Start-Process -FilePath 'StartMenuExperienceHost.exe' -NoNewWindow -PassThru,Stop-Process -Id 10012 -Force
2024-04-15,15:49:30.203196,msedgewebview2.exe,Start-Process -FilePath 'msedgewebview2.exe' -NoNewWindow -PassThru,Stop-Process -Id 21392 -Force
2024-04-15,15:50:31.248024,OSDUtility.exe,Start-Process -FilePath 'OSDUtility.exe' -NoNewWindow -PassThru,Stop-Process -Id 7628 -Force
2024-04-15,15:50:31.248024,python.exe,Start-Process -FilePath 'python.exe' -NoNewWindow -PassThru,Stop-Process -Id 20788 -Force
2024-04-15,15:49:30.203196,svchost.exe,Start-Process -FilePath 'svchost.exe' -NoNewWindow -PassThru,Stop-Process -Id 4460 -Force
2024-04-15,15:49:30.203196,msedge.exe,Start-Process -FilePath 'msedge.exe' -NoNewWindow -PassThru,Stop-Process -Id 4576 -Force
2024-04-15,15:49:30.203196,mysqld.exe,Start-Process -FilePath 'mysqld.exe' -NoNewWindow -PassThru,Stop-Process -Id 4940 -Force
2024-04-15,15:50:31.248024,svchost.exe,Start-Process -FilePath 'svchost.exe' -NoNewWindow -PassThru,Stop-Process -Id 7340 -Force
2024-04-15,15:49:30.203196,svchost.exe,Start-Process -FilePath 'svchost.exe' -NoNewWindow -PassThru,Stop-Process -Id 8416 -Force
2024-04-15,15:49:30.203196,taskhostw.exe,Start-Process -FilePath 'taskhostw.exe' -NoNewWindow -PassThru,Stop-Process -Id 21288 -Force
2024-04-15,15:50:31.248024,svchost.exe,Start-Process -FilePath 'svchost.exe' -NoNewWindow -PassThru,Stop-Process -Id 1744 -Force
2024-04-15,15:50:31.248024,csrss.exe,Start-Process -FilePath 'csrss.exe' -NoNewWindow -PassThru,Stop-Process -Id 1436 -Force
2024-04-15,15:50:31.248024,warp-svc.exe,Start-Process -FilePath 'warp-svc.exe' -NoNewWindow -PassThru,Stop-Process -Id 5836 -Force
2024-04-15,15:49:30.203196,svchost.exe,Start-Process -FilePath 'svchost.exe' -NoNewWindow -PassThru,Stop-Process -Id 3524 -Force
2024-04-15,15:49:30.203196,chrome.exe,Start-Process -FilePath 'chrome.exe' -NoNewWindow -PassThru,Stop-Process -Id 10032 -Force
2024-04-15,15:50:31.248024,LsaIso.exe,Start-Process -FilePath 'LsaIso.exe' -NoNewWindow -PassThru,Stop-Process -Id 1520 -Force
2024-04-15,15:50:31.248024,Code.exe,Start-Process -FilePath 'Code.exe' -NoNewWindow -PassThru,Stop-Process -Id 11936 -Force
2024-04-15,15:50:31.248024,sh.exe,Start-Process -FilePath 'sh.exe' -NoNewWindow -PassThru,Stop-Process -Id 20748 -Force
2024-04-15,15:50:31.248024,chrome.exe,Start-Process -FilePath 'chrome.exe' -NoNewWindow -PassThru,Stop-Process -Id 26668 -Force
2024-04-15,15:49:30.203196,svchost.exe,Start-Process -FilePath 'svchost.exe' -NoNewWindow -PassThru,Stop-Process -Id 3920 -Force
2024-04-15,15:50:31.248024,svchost.exe,Start-Process -FilePath 'svchost.exe' -NoNewWindow -PassThru,Stop-Process -Id 3524 -Force
2024-04-15,15:49:30.203196,Registry,Start-Process -FilePath 'Registry' -NoNewWindow -PassThru,Stop-Process -Id 148 -Force
2024-04-15,15:49:30.203196,svchost.exe,Start-Process -FilePath 'svchost.exe' -NoNewWindow -PassThru,Stop-Process -Id 3292 -Force
2024-04-15,15:50:31.248024,Code.exe,Start-Process -FilePath 'Code.exe' -NoNewWindow -PassThru,Stop-Process -Id 22628 -Force
2024-04-15,15:49:30.203196,powershell.exe,Start-Process -FilePath 'powershell.exe' -NoNewWindow -PassThru,Stop-Process -Id 16492 -Force
2024-04-15,15:49:30.203196,LMS.exe,Start-Process -FilePath 'LMS.exe' -NoNewWindow -PassThru,Stop-Process -Id 4960 -Force
2024-04-15,15:50:31.248024,svchost.exe,Start-Process -FilePath 'svchost.exe' -NoNewWindow -PassThru,Stop-Process -Id 3920 -Force
2024-04-15,15:50:31.248024,svchost.exe,Start-Process -FilePath 'svchost.exe' -NoNewWindow -PassThru,Stop-Process -Id 3284 -Force
2024-04-15,15:49:30.203196,LocationNotificationWindows.exe,Start-Process -FilePath 'LocationNotificationWindows.exe' -NoNewWindow -PassThru,Stop-Process -Id 10080 -Force
2024-04-15,15:49:30.203196,mysqld.exe,Start-Process -FilePath 'mysqld.exe' -NoNewWindow -PassThru,Stop-Process -Id 5904 -Force
2024-04-15,15:50:31.248024,svchost.exe,Start-Process -FilePath 'svchost.exe' -NoNewWindow -PassThru,Stop-Process -Id 3292 -Force
2024-04-15,15:49:30.203196,sihost.exe,Start-Process -FilePath 'sihost.exe' -NoNewWindow -PassThru,Stop-Process -Id 6460 -Force
2024-04-15,15:50:31.248024,python.exe,Start-Process -FilePath 'python.exe' -NoNewWindow -PassThru,Stop-Process -Id 14772 -Force
2024-04-15,15:50:31.248024,svchost.exe,Start-Process -FilePath 'svchost.exe' -NoNewWindow -PassThru,Stop-Process -Id 3604 -Force
2024-04-15,15:49:30.203196,chrome.exe,Start-Process -FilePath 'chrome.exe' -NoNewWindow -PassThru,Stop-Process -Id 5576 -Force
2024-04-15,15:49:30.203196,svchost.exe,Start-Process -FilePath 'svchost.exe' -NoNewWindow -PassThru,Stop-Process -Id 6396 -Force
2024-04-15,15:50:31.248024,CodeSetup-stable-e170252f762678dec6ca2cc69aba1570769a5d39.exe,Start-Process -FilePath 'CodeSetup-stable-e170252f762678dec6ca2cc69aba1570769a5d39.exe' -NoNewWindow -PassThru,Stop-Process -Id 884 -Force
2024-04-15,15:49:30.203196,chrome.exe,Start-Process -FilePath 'chrome.exe' -NoNewWindow -PassThru,Stop-Process -Id 19460 -Force
2024-04-15,15:50:31.248024,services.exe,Start-Process -FilePath 'services.exe' -NoNewWindow -PassThru,Stop-Process -Id 1500 -Force
2024-04-15,15:49:30.203196,svchost.exe,Start-Process -FilePath 'svchost.exe' -NoNewWindow -PassThru,Stop-Process -Id 8480 -Force
2024-04-15,15:49:30.203196,IntelAudioService.exe,Start-Process -FilePath 'IntelAudioService.exe' -NoNewWindow -PassThru,Stop-Process -Id 4800 -Force
2024-04-15,15:50:31.248024,svchost.exe,Start-Process -FilePath 'svchost.exe' -NoNewWindow -PassThru,Stop-Process -Id 6396 -Force
2024-04-15,15:50:31.248024,ShellExperienceHost.exe,Start-Process -FilePath 'ShellExperienceHost.exe' -NoNewWindow -PassThru,Stop-Process -Id 16232 -Force
2024-04-15,15:50:31.248024,svchost.exe,Start-Process -FilePath 'svchost.exe' -NoNewWindow -PassThru,Stop-Process -Id 8480 -Force
2024-04-15,15:49:30.203196,msedgewebview2.exe,Start-Process -FilePath 'msedgewebview2.exe' -NoNewWindow -PassThru,Stop-Process -Id 13720 -Force
2024-04-15,15:50:31.248024,powershell.exe,Start-Process -FilePath 'powershell.exe' -NoNewWindow -PassThru,Stop-Process -Id 2572 -Force
2024-04-15,15:50:31.248024,chrome.exe,Start-Process -FilePath 'chrome.exe' -NoNewWindow -PassThru,Stop-Process -Id 2200 -Force
2024-04-15,15:50:31.248024,Code.exe,Start-Process -FilePath 'Code.exe' -NoNewWindow -PassThru,Stop-Process -Id 13608 -Force
2024-04-15,15:50:31.248024,lsass.exe,Start-Process -FilePath 'lsass.exe' -NoNewWindow -PassThru,Stop-Process -Id 1536 -Force
2024-04-15,15:49:30.203196,svchost.exe,Start-Process -FilePath 'svchost.exe' -NoNewWindow -PassThru,Stop-Process -Id 2072 -Force
2024-04-15,15:49:30.203196,svchost.exe,Start-Process -FilePath 'svchost.exe' -NoNewWindow -PassThru,Stop-Process -Id 10836 -Force
2024-04-15,15:49:30.203196,svchost.exe,Start-Process -FilePath 'svchost.exe' -NoNewWindow -PassThru,Stop-Process -Id 7100 -Force
2024-04-15,15:50:31.248024,chrome.exe,Start-Process -FilePath 'chrome.exe' -NoNewWindow -PassThru,Stop-Process -Id 14420 -Force
2024-04-15,15:49:30.203196,Intel_PIE_Service.exe,Start-Process -FilePath 'Intel_PIE_Service.exe' -NoNewWindow -PassThru,Stop-Process -Id 7212 -Force
2024-04-15,15:49:30.203196,svchost.exe,Start-Process -FilePath 'svchost.exe' -NoNewWindow -PassThru,Stop-Process -Id 6352 -Force
2024-04-15,15:49:30.203196,igfxCUIServiceN.exe,Start-Process -FilePath 'igfxCUIServiceN.exe' -NoNewWindow -PassThru,Stop-Process -Id 3748 -Force
2024-04-15,15:50:31.248024,PsfLauncher64.exe,Start-Process -FilePath 'PsfLauncher64.exe' -NoNewWindow -PassThru,Stop-Process -Id 16660 -Force
2024-04-15,15:50:31.248024,csrss.exe,Start-Process -FilePath 'csrss.exe' -NoNewWindow -PassThru,Stop-Process -Id 1340 -Force
2024-04-15,15:50:31.248024,svchost.exe,Start-Process -FilePath 'svchost.exe' -NoNewWindow -PassThru,Stop-Process -Id 6352 -Force
2024-04-15,15:49:30.203196,svchost.exe,Start-Process -FilePath 'svchost.exe' -NoNewWindow -PassThru,Stop-Process -Id 12380 -Force
2024-04-15,15:50:31.248024,conhost.exe,Start-Process -FilePath 'conhost.exe' -NoNewWindow -PassThru,Stop-Process -Id 22112 -Force
2024-04-15,15:50:31.248024,svchost.exe,Start-Process -FilePath 'svchost.exe' -NoNewWindow -PassThru,Stop-Process -Id 2444 -Force
2024-04-15,15:49:30.203196,EpicGamesLauncher.exe,Start-Process -FilePath 'EpicGamesLauncher.exe' -NoNewWindow -PassThru,Stop-Process -Id 2472 -Force
2024-04-15,15:50:31.248024,svchost.exe,Start-Process -FilePath 'svchost.exe' -NoNewWindow -PassThru,Stop-Process -Id 12380 -Force
2024-04-15,15:49:30.203196,LinkedIn.exe,Start-Process -FilePath 'LinkedIn.exe' -NoNewWindow -PassThru,Stop-Process -Id 19196 -Force
2024-04-15,15:50:31.248024,wininit.exe,Start-Process -FilePath 'wininit.exe' -NoNewWindow -PassThru,Stop-Process -Id 1428 -Force
2024-04-15,15:50:31.248024,python.exe,Start-Process -FilePath 'python.exe' -NoNewWindow -PassThru,Stop-Process -Id 17440 -Force
2024-04-15,15:50:31.248024,Code.exe,Start-Process -FilePath 'Code.exe' -NoNewWindow -PassThru,Stop-Process -Id 12904 -Force
2024-04-15,15:50:31.248024,XboxGameBarWidgets.exe,Start-Process -FilePath 'XboxGameBarWidgets.exe' -NoNewWindow -PassThru,Stop-Process -Id 17916 -Force
2024-04-15,15:50:31.248024,msedgewebview2.exe,Start-Process -FilePath 'msedgewebview2.exe' -NoNewWindow -PassThru,Stop-Process -Id 21016 -Force
2024-04-15,15:50:31.248024,unsecapp.exe,Start-Process -FilePath 'unsecapp.exe' -NoNewWindow -PassThru,Stop-Process -Id 6680 -Force
2024-04-15,15:49:30.203196,svchost.exe,Start-Process -FilePath 'svchost.exe' -NoNewWindow -PassThru,Stop-Process -Id 8364 -Force
2024-04-15,15:50:31.248024,Code.exe,Start-Process -FilePath 'Code.exe' -NoNewWindow -PassThru,Stop-Process -Id 3932 -Force
2024-04-15,15:49:30.203196,svchost.exe,Start-Process -FilePath 'svchost.exe' -NoNewWindow -PassThru,Stop-Process -Id 5148 -Force
2024-04-15,15:50:31.248024,WUDFHost.exe,Start-Process -FilePath 'WUDFHost.exe' -NoNewWindow -PassThru,Stop-Process -Id 3768 -Force
2024-04-15,15:49:30.203196,sh.exe,Start-Process -FilePath 'sh.exe' -NoNewWindow -PassThru,Stop-Process -Id 8264 -Force
2024-04-15,15:49:30.203196,conhost.exe,Start-Process -FilePath 'conhost.exe' -NoNewWindow -PassThru,Stop-Process -Id 20916 -Force
2024-04-15,15:49:30.203196,SecurityHealthSystray.exe,Start-Process -FilePath 'SecurityHealthSystray.exe' -NoNewWindow -PassThru,Stop-Process -Id 13760 -Force
2024-04-15,15:50:31.248024,msedge.exe,Start-Process -FilePath 'msedge.exe' -NoNewWindow -PassThru,Stop-Process -Id 15952 -Force
2024-04-15,15:49:30.203196,msedgewebview2.exe,Start-Process -FilePath 'msedgewebview2.exe' -NoNewWindow -PassThru,Stop-Process -Id 13932 -Force
2024-04-15,15:50:31.248024,svchost.exe,Start-Process -FilePath 'svchost.exe' -NoNewWindow -PassThru,Stop-Process -Id 5148 -Force
2024-04-15,15:49:30.203196,dllhost.exe,Start-Process -FilePath 'dllhost.exe' -NoNewWindow -PassThru,Stop-Process -Id 1776 -Force
2024-04-15,15:50:31.248024,jhi_service.exe,Start-Process -FilePath 'jhi_service.exe' -NoNewWindow -PassThru,Stop-Process -Id 5780 -Force
2024-04-15,15:50:31.248024,msedge.exe,Start-Process -FilePath 'msedge.exe' -NoNewWindow -PassThru,Stop-Process -Id 2620 -Force
2024-04-15,15:50:31.248024,chrome.exe,Start-Process -FilePath 'chrome.exe' -NoNewWindow -PassThru,Stop-Process -Id 11660 -Force
2024-04-15,15:50:31.248024,svchost.exe,Start-Process -FilePath 'svchost.exe' -NoNewWindow -PassThru,Stop-Process -Id 2000 -Force
2024-04-15,15:50:31.248024,powershell.exe,Start-Process -FilePath 'powershell.exe' -NoNewWindow -PassThru,Stop-Process -Id 23680 -Force
2024-04-15,15:49:30.203196,Code.exe,Start-Process -FilePath 'Code.exe' -NoNewWindow -PassThru,Stop-Process -Id 4024 -Force
2024-04-15,15:50:31.248024,MAFSvr.exe,Start-Process -FilePath 'MAFSvr.exe' -NoNewWindow -PassThru,Stop-Process -Id 4888 -Force
2024-04-15,15:50:31.248024,powershell.exe,Start-Process -FilePath 'powershell.exe' -NoNewWindow -PassThru,Stop-Process -Id 19032 -Force
2024-04-15,15:49:30.203196,msedgewebview2.exe,Start-Process -FilePath 'msedgewebview2.exe' -NoNewWindow -PassThru,Stop-Process -Id 19660 -Force
2024-04-15,15:49:30.203196,svchost.exe,Start-Process -FilePath 'svchost.exe' -NoNewWindow -PassThru,Stop-Process -Id 2232 -Force
2024-04-15,15:49:30.203196,Widgets.exe,Start-Process -FilePath 'Widgets.exe' -NoNewWindow -PassThru,Stop-Process -Id 10044 -Force
2024-04-15,15:49:30.203196,powershell.exe,Start-Process -FilePath 'powershell.exe' -NoNewWindow -PassThru,Stop-Process -Id 3340 -Force
2024-04-15,15:50:31.248024,svchost.exe,Start-Process -FilePath 'svchost.exe' -NoNewWindow -PassThru,Stop-Process -Id 2844 -Force
2024-04-15,15:49:30.203196,chrome.exe,Start-Process -FilePath 'chrome.exe' -NoNewWindow -PassThru,Stop-Process -Id 2376 -Force
2024-04-15,15:50:31.248024,OneDrive.exe,Start-Process -FilePath 'OneDrive.exe' -NoNewWindow -PassThru,Stop-Process -Id 21652 -Force
2024-04-15,15:49:30.203196,svchost.exe,Start-Process -FilePath 'svchost.exe' -NoNewWindow -PassThru,Stop-Process -Id 13164 -Force
2024-04-15,15:50:31.248024,chrome.exe,Start-Process -FilePath 'chrome.exe' -NoNewWindow -PassThru,Stop-Process -Id 13992 -Force
2024-04-15,15:50:31.248024,GoogleCrashHandler64.exe,Start-Process -FilePath 'GoogleCrashHandler64.exe' -NoNewWindow -PassThru,Stop-Process -Id 11740 -Force
2024-04-15,15:50:31.248024,dllhost.exe,Start-Process -FilePath 'dllhost.exe' -NoNewWindow -PassThru,Stop-Process -Id 11912 -Force
2024-04-15,15:49:30.203196,System,Start-Process -FilePath 'System' -NoNewWindow -PassThru,Stop-Process -Id 4 -Force
2024-04-15,15:49:30.203196,svchost.exe,Start-Process -FilePath 'svchost.exe' -NoNewWindow -PassThru,Stop-Process -Id 1896 -Force
2024-04-15,15:50:31.248024,conhost.exe,Start-Process -FilePath 'conhost.exe' -NoNewWindow -PassThru,Stop-Process -Id 848 -Force
2024-04-15,15:49:30.203196,IGCC.exe,Start-Process -FilePath 'IGCC.exe' -NoNewWindow -PassThru,Stop-Process -Id 27440 -Force
2024-04-15,15:50:31.248024,svchost.exe,Start-Process -FilePath 'svchost.exe' -NoNewWindow -PassThru,Stop-Process -Id 13164 -Force
2024-04-15,15:50:31.248024,svchost.exe,Start-Process -FilePath 'svchost.exe' -NoNewWindow -PassThru,Stop-Process -Id 1896 -Force
2024-04-15,15:49:30.203196,igfxEMN.exe,Start-Process -FilePath 'igfxEMN.exe' -NoNewWindow -PassThru,Stop-Process -Id 8208 -Force
2024-04-15,15:49:30.203196,conhost.exe,Start-Process -FilePath 'conhost.exe' -NoNewWindow -PassThru,Stop-Process -Id 3036 -Force
2024-04-15,15:50:31.248024,conhost.exe,Start-Process -FilePath 'conhost.exe' -NoNewWindow -PassThru,Stop-Process -Id 12524 -Force
2024-04-15,15:49:30.203196,RtkAudUService64.exe,Start-Process -FilePath 'RtkAudUService64.exe' -NoNewWindow -PassThru,Stop-Process -Id 10144 -Force
2024-04-15,15:50:31.248024,System Idle Process,Start-Process -FilePath 'System Idle Process' -NoNewWindow -PassThru,Stop-Process -Id 0 -Force
2024-04-15,15:49:30.203196,svchost.exe,Start-Process -FilePath 'svchost.exe' -NoNewWindow -PassThru,Stop-Process -Id 8220 -Force
2024-04-15,15:49:30.203196,smss.exe,Start-Process -FilePath 'smss.exe' -NoNewWindow -PassThru,Stop-Process -Id 652 -Force
2024-04-15,15:49:30.203196,svchost.exe,Start-Process -FilePath 'svchost.exe' -NoNewWindow -PassThru,Stop-Process -Id 3252 -Force
2024-04-15,15:49:30.203196,svchost.exe,Start-Process -FilePath 'svchost.exe' -NoNewWindow -PassThru,Stop-Process -Id 9948 -Force
2024-04-15,15:50:31.248024,powershell.exe,Start-Process -FilePath 'powershell.exe' -NoNewWindow -PassThru,Stop-Process -Id 18704 -Force
2024-04-15,15:50:31.248024,powershell.exe,Start-Process -FilePath 'powershell.exe' -NoNewWindow -PassThru,Stop-Process -Id 23012 -Force
2024-04-15,15:50:31.248024,python.exe,Start-Process -FilePath 'python.exe' -NoNewWindow -PassThru,Stop-Process -Id 6504 -Force
2024-04-15,15:50:31.248024,chrome.exe,Start-Process -FilePath 'chrome.exe' -NoNewWindow -PassThru,Stop-Process -Id 15500 -Force
2024-04-15,15:50:31.248024,svchost.exe,Start-Process -FilePath 'svchost.exe' -NoNewWindow -PassThru,Stop-Process -Id 3252 -Force
2024-04-15,15:50:31.248024,winlogon.exe,Start-Process -FilePath 'winlogon.exe' -NoNewWindow -PassThru,Stop-Process -Id 1604 -Force
2024-04-15,15:50:31.248024,svchost.exe,Start-Process -FilePath 'svchost.exe' -NoNewWindow -PassThru,Stop-Process -Id 9948 -Force
2024-04-15,15:50:31.248024,SystemSettingsBroker.exe,Start-Process -FilePath 'SystemSettingsBroker.exe' -NoNewWindow -PassThru,Stop-Process -Id 4620 -Force
2024-04-15,15:49:30.203196,git.exe,Start-Process -FilePath 'git.exe' -NoNewWindow -PassThru,Stop-Process -Id 26968 -Force
2024-04-15,15:49:30.203196,chrome.exe,Start-Process -FilePath 'chrome.exe' -NoNewWindow -PassThru,Stop-Process -Id 12212 -Force
2024-04-15,15:49:30.203196,Code.exe,Start-Process -FilePath 'Code.exe' -NoNewWindow -PassThru,Stop-Process -Id 6588 -Force
2024-04-15,15:49:30.203196,RtkAudUService64.exe,Start-Process -FilePath 'RtkAudUService64.exe' -NoNewWindow -PassThru,Stop-Process -Id 13844 -Force
2024-04-15,15:49:30.203196,mongod.exe,Start-Process -FilePath 'mongod.exe' -NoNewWindow -PassThru,Stop-Process -Id 5068 -Force
2024-04-15,15:49:30.203196,SearchIndexer.exe,Start-Process -FilePath 'SearchIndexer.exe' -NoNewWindow -PassThru,Stop-Process -Id 10532 -Force
2024-04-15,15:50:31.248024,svchost.exe,Start-Process -FilePath 'svchost.exe' -NoNewWindow -PassThru,Stop-Process -Id 15964 -Force
2024-04-15,15:50:31.248024,TbtP2pShortcutService.exe,Start-Process -FilePath 'TbtP2pShortcutService.exe' -NoNewWindow -PassThru,Stop-Process -Id 5296 -Force
2024-04-15,15:49:30.203196,chrome.exe,Start-Process -FilePath 'chrome.exe' -NoNewWindow -PassThru,Stop-Process -Id 2240 -Force
2024-04-15,15:50:31.248024,svchost.exe,Start-Process -FilePath 'svchost.exe' -NoNewWindow -PassThru,Stop-Process -Id 2712 -Force
2024-04-15,15:50:31.248024,chrome.exe,Start-Process -FilePath 'chrome.exe' -NoNewWindow -PassThru,Stop-Process -Id 4968 -Force
2024-04-15,15:50:31.248024,conhost.exe,Start-Process -FilePath 'conhost.exe' -NoNewWindow -PassThru,Stop-Process -Id 14600 -Force
2024-04-15,15:50:31.248024,RuntimeBroker.exe,Start-Process -FilePath 'RuntimeBroker.exe' -NoNewWindow -PassThru,Stop-Process -Id 10188 -Force
2024-04-15,15:49:30.203196,svchost.exe,Start-Process -FilePath 'svchost.exe' -NoNewWindow -PassThru,Stop-Process -Id 5116 -Force
2024-04-15,15:49:30.203196,GoogleDriveFS.exe,Start-Process -FilePath 'GoogleDriveFS.exe' -NoNewWindow -PassThru,Stop-Process -Id 13916 -Force
2024-04-15,15:49:30.203196,svchost.exe,Start-Process -FilePath 'svchost.exe' -NoNewWindow -PassThru,Stop-Process -Id 2672 -Force
2024-04-15,15:49:30.203196,WMIRegistrationService.exe,Start-Process -FilePath 'WMIRegistrationService.exe' -NoNewWindow -PassThru,Stop-Process -Id 5312 -Force
2024-04-15,15:50:31.248024,dwm.exe,Start-Process -FilePath 'dwm.exe' -NoNewWindow -PassThru,Stop-Process -Id 1556 -Force
2024-04-15,15:50:31.248024,chrome.exe,Start-Process -FilePath 'chrome.exe' -NoNewWindow -PassThru,Stop-Process -Id 5256 -Force
2024-04-15,15:49:30.203196,conhost.exe,Start-Process -FilePath 'conhost.exe' -NoNewWindow -PassThru,Stop-Process -Id 21348 -Force
2024-04-15,15:50:31.248024,svchost.exe,Start-Process -FilePath 'svchost.exe' -NoNewWindow -PassThru,Stop-Process -Id 5116 -Force
2024-04-15,15:50:31.248024,chrome.exe,Start-Process -FilePath 'chrome.exe' -NoNewWindow -PassThru,Stop-Process -Id 8444 -Force
2024-04-15,15:50:31.248024,svchost.exe,Start-Process -FilePath 'svchost.exe' -NoNewWindow -PassThru,Stop-Process -Id 2672 -Force
2024-04-15,15:50:31.248024,RtkAudUService64.exe,Start-Process -FilePath 'RtkAudUService64.exe' -NoNewWindow -PassThru,Stop-Process -Id 4896 -Force
2024-04-15,15:50:31.248024,AggregatorHost.exe,Start-Process -FilePath 'AggregatorHost.exe' -NoNewWindow -PassThru,Stop-Process -Id 8168 -Force
2024-04-15,15:50:31.248024,conhost.exe,Start-Process -FilePath 'conhost.exe' -NoNewWindow -PassThru,Stop-Process -Id 7032 -Force
2024-04-15,15:49:30.203196,chrome.exe,Start-Process -FilePath 'chrome.exe' -NoNewWindow -PassThru,Stop-Process -Id 20540 -Force
2024-04-15,15:49:30.203196,explorer.exe,Start-Process -FilePath 'explorer.exe' -NoNewWindow -PassThru,Stop-Process -Id 8728 -Force
2024-04-15,15:49:30.203196,powershell.exe,Start-Process -FilePath 'powershell.exe' -NoNewWindow -PassThru,Stop-Process -Id 22036 -Force
2024-04-15,15:49:30.203196,CodeSetup-stable-e170252f762678dec6ca2cc69aba1570769a5d39.tmp,Start-Process -FilePath 'CodeSetup-stable-e170252f762678dec6ca2cc69aba1570769a5d39.tmp' -NoNewWindow -PassThru,Stop-Process -Id 24416 -Force
2024-04-15,15:49:30.203196,chrome.exe,Start-Process -FilePath 'chrome.exe' -NoNewWindow -PassThru,Stop-Process -Id 17660 -Force
2024-04-15,15:49:30.203196,msedge.exe,Start-Process -FilePath 'msedge.exe' -NoNewWindow -PassThru,Stop-Process -Id 8876 -Force
2024-04-15,15:49:30.203196,IntelCpHDCPSvc.exe,Start-Process -FilePath 'IntelCpHDCPSvc.exe' -NoNewWindow -PassThru,Stop-Process -Id 2428 -Force
2024-04-15,15:50:31.248024,msedgewebview2.exe,Start-Process -FilePath 'msedgewebview2.exe' -NoNewWindow -PassThru,Stop-Process -Id 19660 -Force
2024-04-15,15:49:30.203196,conhost.exe,Start-Process -FilePath 'conhost.exe' -NoNewWindow -PassThru,Stop-Process -Id 8872 -Force
2024-04-15,15:50:31.248024,chrome.exe,Start-Process -FilePath 'chrome.exe' -NoNewWindow -PassThru,Stop-Process -Id 5768 -Force
2024-04-15,15:50:31.248024,LinkedIn.exe,Start-Process -FilePath 'LinkedIn.exe' -NoNewWindow -PassThru,Stop-Process -Id 19196 -Force
2024-04-15,15:49:30.203196,RuntimeBroker.exe,Start-Process -FilePath 'RuntimeBroker.exe' -NoNewWindow -PassThru,Stop-Process -Id 5740 -Force
2024-04-15,15:49:30.203196,Code.exe,Start-Process -FilePath 'Code.exe' -NoNewWindow -PassThru,Stop-Process -Id 23244 -Force
2024-04-15,15:49:30.203196,MiService.exe,Start-Process -FilePath 'MiService.exe' -NoNewWindow -PassThru,Stop-Process -Id 4952 -Force
2024-04-15,15:50:31.248024,AIoT.exe,Start-Process -FilePath 'AIoT.exe' -NoNewWindow -PassThru,Stop-Process -Id 13948 -Force
2024-04-15,15:50:31.248024,EpicWebHelper.exe,Start-Process -FilePath 'EpicWebHelper.exe' -NoNewWindow -PassThru,Stop-Process -Id 8836 -Force
2024-04-15,15:50:31.248024,System,Start-Process -FilePath 'System' -NoNewWindow -PassThru,Stop-Process -Id 4 -Force
2024-04-15,15:50:31.248024,msedgewebview2.exe,Start-Process -FilePath 'msedgewebview2.exe' -NoNewWindow -PassThru,Stop-Process -Id 17012 -Force
2024-04-15,15:49:30.203196,svchost.exe,Start-Process -FilePath 'svchost.exe' -NoNewWindow -PassThru,Stop-Process -Id 4064 -Force
2024-04-15,15:49:30.203196,RuntimeBroker.exe,Start-Process -FilePath 'RuntimeBroker.exe' -NoNewWindow -PassThru,Stop-Process -Id 13212 -Force
2024-04-15,15:50:31.248024,svchost.exe,Start-Process -FilePath 'svchost.exe' -NoNewWindow -PassThru,Stop-Process -Id 2336 -Force
2024-04-15,15:49:30.203196,svchost.exe,Start-Process -FilePath 'svchost.exe' -NoNewWindow -PassThru,Stop-Process -Id 7980 -Force
2024-04-15,15:50:31.248024,Code.exe,Start-Process -FilePath 'Code.exe' -NoNewWindow -PassThru,Stop-Process -Id 16280 -Force
2024-04-15,15:49:30.203196,svchost.exe,Start-Process -FilePath 'svchost.exe' -NoNewWindow -PassThru,Stop-Process -Id 4640 -Force
2024-04-15,15:50:31.248024,svchost.exe,Start-Process -FilePath 'svchost.exe' -NoNewWindow -PassThru,Stop-Process -Id 4064 -Force
2024-04-15,15:49:30.203196,svchost.exe,Start-Process -FilePath 'svchost.exe' -NoNewWindow -PassThru,Stop-Process -Id 2264 -Force
2024-04-15,15:50:31.248024,svchost.exe,Start-Process -FilePath 'svchost.exe' -NoNewWindow -PassThru,Stop-Process -Id 7124 -Force
2024-04-15,15:50:31.248024,powershell.exe,Start-Process -FilePath 'powershell.exe' -NoNewWindow -PassThru,Stop-Process -Id 16492 -Force
2024-04-15,15:50:31.248024,python.exe,Start-Process -FilePath 'python.exe' -NoNewWindow -PassThru,Stop-Process -Id 13108 -Force
2024-04-15,15:50:31.248024,svchost.exe,Start-Process -FilePath 'svchost.exe' -NoNewWindow -PassThru,Stop-Process -Id 7980 -Force
2024-04-15,15:49:30.203196,Code.exe,Start-Process -FilePath 'Code.exe' -NoNewWindow -PassThru,Stop-Process -Id 6816 -Force
2024-04-15,15:50:31.248024,svchost.exe,Start-Process -FilePath 'svchost.exe' -NoNewWindow -PassThru,Stop-Process -Id 4640 -Force
2024-04-15,15:49:30.203196,conhost.exe,Start-Process -FilePath 'conhost.exe' -NoNewWindow -PassThru,Stop-Process -Id 9016 -Force
2024-04-15,15:50:31.248024,svchost.exe,Start-Process -FilePath 'svchost.exe' -NoNewWindow -PassThru,Stop-Process -Id 2264 -Force
2024-04-15,15:50:31.248024,chrome.exe,Start-Process -FilePath 'chrome.exe' -NoNewWindow -PassThru,Stop-Process -Id 2180 -Force
2024-04-15,15:49:30.203196,msedge.exe,Start-Process -FilePath 'msedge.exe' -NoNewWindow -PassThru,Stop-Process -Id 24084 -Force
2024-04-15,15:49:30.203196,svchost.exe,Start-Process -FilePath 'svchost.exe' -NoNewWindow -PassThru,Stop-Process -Id 2972 -Force
2024-04-15,15:49:30.203196,smartscreen.exe,Start-Process -FilePath 'smartscreen.exe' -NoNewWindow -PassThru,Stop-Process -Id 9036 -Force
2024-04-15,15:49:30.203196,NisSrv.exe,Start-Process -FilePath 'NisSrv.exe' -NoNewWindow -PassThru,Stop-Process -Id 2020 -Force
2024-04-15,15:50:31.248024,svchost.exe,Start-Process -FilePath 'svchost.exe' -NoNewWindow -PassThru,Stop-Process -Id 4460 -Force
2024-04-15,15:49:30.203196,Code.exe,Start-Process -FilePath 'Code.exe' -NoNewWindow -PassThru,Stop-Process -Id 27408 -Force
2024-04-15,15:50:31.248024,svchost.exe,Start-Process -FilePath 'svchost.exe' -NoNewWindow -PassThru,Stop-Process -Id 8416 -Force
2024-04-15,15:49:30.203196,svchost.exe,Start-Process -FilePath 'svchost.exe' -NoNewWindow -PassThru,Stop-Process -Id 3012 -Force
2024-04-15,15:49:30.203196,os_server.exe,Start-Process -FilePath 'os_server.exe' -NoNewWindow -PassThru,Stop-Process -Id 16688 -Force
2024-04-15,15:50:31.248024,MemCompression,Start-Process -FilePath 'MemCompression' -NoNewWindow -PassThru,Stop-Process -Id 3508 -Force
2024-04-15,15:49:30.203196,LsaIso.exe,Start-Process -FilePath 'LsaIso.exe' -NoNewWindow -PassThru,Stop-Process -Id 1520 -Force
2024-04-15,15:50:31.248024,svchost.exe,Start-Process -FilePath 'svchost.exe' -NoNewWindow -PassThru,Stop-Process -Id 3012 -Force
2024-04-15,15:50:31.248024,WUDFHost.exe,Start-Process -FilePath 'WUDFHost.exe' -NoNewWindow -PassThru,Stop-Process -Id 1784 -Force
2024-04-15,15:49:30.203196,wslservice.exe,Start-Process -FilePath 'wslservice.exe' -NoNewWindow -PassThru,Stop-Process -Id 5192 -Force
2024-04-15,15:50:31.248024,conhost.exe,Start-Process -FilePath 'conhost.exe' -NoNewWindow -PassThru,Stop-Process -Id 19380 -Force
2024-04-15,15:50:31.248024,chrome.exe,Start-Process -FilePath 'chrome.exe' -NoNewWindow -PassThru,Stop-Process -Id 23932 -Force
2024-04-15,15:50:31.248024,msedge.exe,Start-Process -FilePath 'msedge.exe' -NoNewWindow -PassThru,Stop-Process -Id 4576 -Force
2024-04-15,15:50:31.248024,mysqld.exe,Start-Process -FilePath 'mysqld.exe' -NoNewWindow -PassThru,Stop-Process -Id 4940 -Force
2024-04-15,15:49:30.203196,svchost.exe,Start-Process -FilePath 'svchost.exe' -NoNewWindow -PassThru,Stop-Process -Id 10208 -Force
2024-04-15,15:49:30.203196,svchost.exe,Start-Process -FilePath 'svchost.exe' -NoNewWindow -PassThru,Stop-Process -Id 17732 -Force
2024-04-15,15:49:30.203196,conhost.exe,Start-Process -FilePath 'conhost.exe' -NoNewWindow -PassThru,Stop-Process -Id 16484 -Force
2024-04-15,15:49:30.203196,Code.exe,Start-Process -FilePath 'Code.exe' -NoNewWindow -PassThru,Stop-Process -Id 23104 -Force
2024-04-15,15:49:30.203196,RuntimeBroker.exe,Start-Process -FilePath 'RuntimeBroker.exe' -NoNewWindow -PassThru,Stop-Process -Id 8640 -Force
2024-04-15,15:50:31.248024,powershell.exe,Start-Process -FilePath 'powershell.exe' -NoNewWindow -PassThru,Stop-Process -Id 9448 -Force
2024-04-15,15:49:30.203196,svchost.exe,Start-Process -FilePath 'svchost.exe' -NoNewWindow -PassThru,Stop-Process -Id 11296 -Force
2024-04-15,15:50:31.248024,chrome.exe,Start-Process -FilePath 'chrome.exe' -NoNewWindow -PassThru,Stop-Process -Id 18288 -Force
2024-04-15,15:50:31.248024,svchost.exe,Start-Process -FilePath 'svchost.exe' -NoNewWindow -PassThru,Stop-Process -Id 17732 -Force
2024-04-15,15:50:31.248024,CodeSetup-stable-e170252f762678dec6ca2cc69aba1570769a5d39.tmp,Start-Process -FilePath 'CodeSetup-stable-e170252f762678dec6ca2cc69aba1570769a5d39.tmp' -NoNewWindow -PassThru,Stop-Process -Id 24416 -Force
2024-04-15,15:49:30.203196,conhost.exe,Start-Process -FilePath 'conhost.exe' -NoNewWindow -PassThru,Stop-Process -Id 23748 -Force
2024-04-15,15:50:31.248024,svchost.exe,Start-Process -FilePath 'svchost.exe' -NoNewWindow -PassThru,Stop-Process -Id 11296 -Force
2024-04-15,15:49:30.203196,svchost.exe,Start-Process -FilePath 'svchost.exe' -NoNewWindow -PassThru,Stop-Process -Id 10968 -Force
2024-04-15,15:49:30.203196,ctfmon.exe,Start-Process -FilePath 'ctfmon.exe' -NoNewWindow -PassThru,Stop-Process -Id 11388 -Force
2024-04-15,15:50:31.248024,sihost.exe,Start-Process -FilePath 'sihost.exe' -NoNewWindow -PassThru,Stop-Process -Id 6460 -Force
2024-04-15,15:49:30.203196,Code.exe,Start-Process -FilePath 'Code.exe' -NoNewWindow -PassThru,Stop-Process -Id 11812 -Force
2024-04-15,15:50:31.248024,GoogleDriveFS.exe,Start-Process -FilePath 'GoogleDriveFS.exe' -NoNewWindow -PassThru,Stop-Process -Id 14740 -Force
2024-04-15,15:50:31.248024,Registry,Start-Process -FilePath 'Registry' -NoNewWindow -PassThru,Stop-Process -Id 148 -Force
2024-04-15,15:50:31.248024,MoNotificationUx.exe,Start-Process -FilePath 'MoNotificationUx.exe' -NoNewWindow -PassThru,Stop-Process -Id 15620 -Force
2024-04-15,15:50:31.248024,svchost.exe,Start-Process -FilePath 'svchost.exe' -NoNewWindow -PassThru,Stop-Process -Id 2072 -Force
2024-04-15,15:50:31.248024,LocationNotificationWindows.exe,Start-Process -FilePath 'LocationNotificationWindows.exe' -NoNewWindow -PassThru,Stop-Process -Id 10080 -Force
2024-04-15,15:50:31.248024,mysqld.exe,Start-Process -FilePath 'mysqld.exe' -NoNewWindow -PassThru,Stop-Process -Id 5904 -Force
2024-04-15,15:50:31.248024,svchost.exe,Start-Process -FilePath 'svchost.exe' -NoNewWindow -PassThru,Stop-Process -Id 10836 -Force
2024-04-15,15:49:30.203196,dllhost.exe,Start-Process -FilePath 'dllhost.exe' -NoNewWindow -PassThru,Stop-Process -Id 10432 -Force
2024-04-15,15:50:31.248024,svchost.exe,Start-Process -FilePath 'svchost.exe' -NoNewWindow -PassThru,Stop-Process -Id 7100 -Force
2024-04-15,15:50:31.248024,RuntimeBroker.exe,Start-Process -FilePath 'RuntimeBroker.exe' -NoNewWindow -PassThru,Stop-Process -Id 12732 -Force
2024-04-15,15:50:31.248024,Code.exe,Start-Process -FilePath 'Code.exe' -NoNewWindow -PassThru,Stop-Process -Id 16988 -Force
2024-04-15,15:50:31.248024,Code.exe,Start-Process -FilePath 'Code.exe' -NoNewWindow -PassThru,Stop-Process -Id 15844 -Force
2024-04-15,15:50:31.248024,GoogleDriveFS.exe,Start-Process -FilePath 'GoogleDriveFS.exe' -NoNewWindow -PassThru,Stop-Process -Id 14748 -Force
2024-04-15,15:49:30.203196,esif_uf.exe,Start-Process -FilePath 'esif_uf.exe' -NoNewWindow -PassThru,Stop-Process -Id 4996 -Force
2024-04-15,15:50:31.248024,IntelAudioService.exe,Start-Process -FilePath 'IntelAudioService.exe' -NoNewWindow -PassThru,Stop-Process -Id 4800 -Force
2024-04-15,15:50:31.248024,GoogleDriveFS.exe,Start-Process -FilePath 'GoogleDriveFS.exe' -NoNewWindow -PassThru,Stop-Process -Id 14868 -Force
2024-04-15,15:49:30.203196,csrss.exe,Start-Process -FilePath 'csrss.exe' -NoNewWindow -PassThru,Stop-Process -Id 1340 -Force
2024-04-15,15:49:30.203196,powershell.exe,Start-Process -FilePath 'powershell.exe' -NoNewWindow -PassThru,Stop-Process -Id 25568 -Force
2024-04-15,15:50:31.248024,python.exe,Start-Process -FilePath 'python.exe' -NoNewWindow -PassThru,Stop-Process -Id 20996 -Force
2024-04-15,15:49:30.203196,svchost.exe,Start-Process -FilePath 'svchost.exe' -NoNewWindow -PassThru,Stop-Process -Id 3020 -Force
2024-04-15,15:50:31.248024,conhost.exe,Start-Process -FilePath 'conhost.exe' -NoNewWindow -PassThru,Stop-Process -Id 12548 -Force
2024-04-15,15:50:31.248024,WidgetService.exe,Start-Process -FilePath 'WidgetService.exe' -NoNewWindow -PassThru,Stop-Process -Id 13244 -Force
2024-04-15,15:49:30.203196,svchost.exe,Start-Process -FilePath 'svchost.exe' -NoNewWindow -PassThru,Stop-Process -Id 8032 -Force
2024-04-15,15:50:31.248024,chrome.exe,Start-Process -FilePath 'chrome.exe' -NoNewWindow -PassThru,Stop-Process -Id 21724 -Force
2024-04-15,15:49:30.203196,Code.exe,Start-Process -FilePath 'Code.exe' -NoNewWindow -PassThru,Stop-Process -Id 18056 -Force
2024-04-15,15:49:30.203196,svchost.exe,Start-Process -FilePath 'svchost.exe' -NoNewWindow -PassThru,Stop-Process -Id 18468 -Force
2024-04-15,15:49:30.203196,Code.exe,Start-Process -FilePath 'Code.exe' -NoNewWindow -PassThru,Stop-Process -Id 280 -Force
2024-04-15,15:49:30.203196,svchost.exe,Start-Process -FilePath 'svchost.exe' -NoNewWindow -PassThru,Stop-Process -Id 5060 -Force
2024-04-15,15:50:31.248024,svchost.exe,Start-Process -FilePath 'svchost.exe' -NoNewWindow -PassThru,Stop-Process -Id 8032 -Force
2024-04-15,15:49:30.203196,svchost.exe,Start-Process -FilePath 'svchost.exe' -NoNewWindow -PassThru,Stop-Process -Id 1644 -Force
2024-04-15,15:49:30.203196,svchost.exe,Start-Process -FilePath 'svchost.exe' -NoNewWindow -PassThru,Stop-Process -Id 17648 -Force
2024-04-15,15:50:31.248024,svchost.exe,Start-Process -FilePath 'svchost.exe' -NoNewWindow -PassThru,Stop-Process -Id 18468 -Force
2024-04-15,15:50:31.248024,GoogleDriveFS.exe,Start-Process -FilePath 'GoogleDriveFS.exe' -NoNewWindow -PassThru,Stop-Process -Id 14408 -Force
2024-04-15,15:50:31.248024,powershell.exe,Start-Process -FilePath 'powershell.exe' -NoNewWindow -PassThru,Stop-Process -Id 3340 -Force
2024-04-15,15:50:31.248024,igfxCUIServiceN.exe,Start-Process -FilePath 'igfxCUIServiceN.exe' -NoNewWindow -PassThru,Stop-Process -Id 3748 -Force
2024-04-15,15:50:31.248024,svchost.exe,Start-Process -FilePath 'svchost.exe' -NoNewWindow -PassThru,Stop-Process -Id 5060 -Force
2024-04-15,15:50:31.248024,TextInputHost.exe,Start-Process -FilePath 'TextInputHost.exe' -NoNewWindow -PassThru,Stop-Process -Id 4200 -Force
2024-04-15,15:50:31.248024,Code.exe,Start-Process -FilePath 'Code.exe' -NoNewWindow -PassThru,Stop-Process -Id 10132 -Force
2024-04-15,15:49:30.203196,GoogleCrashHandler.exe,Start-Process -FilePath 'GoogleCrashHandler.exe' -NoNewWindow -PassThru,Stop-Process -Id 11700 -Force
2024-04-15,15:50:31.248024,svchost.exe,Start-Process -FilePath 'svchost.exe' -NoNewWindow -PassThru,Stop-Process -Id 1644 -Force
2024-04-15,15:50:31.248024,svchost.exe,Start-Process -FilePath 'svchost.exe' -NoNewWindow -PassThru,Stop-Process -Id 8364 -Force
2024-04-15,15:50:31.248024,svchost.exe,Start-Process -FilePath 'svchost.exe' -NoNewWindow -PassThru,Stop-Process -Id 17648 -Force
2024-04-15,15:50:31.248024,WUDFHost.exe,Start-Process -FilePath 'WUDFHost.exe' -NoNewWindow -PassThru,Stop-Process -Id 1956 -Force
2024-04-15,15:50:31.248024,LMS.exe,Start-Process -FilePath 'LMS.exe' -NoNewWindow -PassThru,Stop-Process -Id 4960 -Force
2024-04-15,15:50:31.248024,RuntimeBroker.exe,Start-Process -FilePath 'RuntimeBroker.exe' -NoNewWindow -PassThru,Stop-Process -Id 13212 -Force
2024-04-15,15:49:30.203196,Code.exe,Start-Process -FilePath 'Code.exe' -NoNewWindow -PassThru,Stop-Process -Id 8412 -Force
2024-04-15,15:49:30.203196,WUDFHost.exe,Start-Process -FilePath 'WUDFHost.exe' -NoNewWindow -PassThru,Stop-Process -Id 3768 -Force
2024-04-15,15:49:30.203196,DtsApo4Service.exe,Start-Process -FilePath 'DtsApo4Service.exe' -NoNewWindow -PassThru,Stop-Process -Id 4740 -Force
2024-04-15,15:49:30.203196,Code.exe,Start-Process -FilePath 'Code.exe' -NoNewWindow -PassThru,Stop-Process -Id 25008 -Force
2024-04-15,15:50:31.248024,msedgewebview2.exe,Start-Process -FilePath 'msedgewebview2.exe' -NoNewWindow -PassThru,Stop-Process -Id 21392 -Force
2024-04-15,15:50:31.248024,chrome.exe,Start-Process -FilePath 'chrome.exe' -NoNewWindow -PassThru,Stop-Process -Id 19460 -Force
2024-04-15,15:49:30.203196,msedge.exe,Start-Process -FilePath 'msedge.exe' -NoNewWindow -PassThru,Stop-Process -Id 2620 -Force
2024-04-15,15:49:30.203196,Code.exe,Start-Process -FilePath 'Code.exe' -NoNewWindow -PassThru,Stop-Process -Id 5776 -Force
2024-04-15,15:49:30.203196,svchost.exe,Start-Process -FilePath 'svchost.exe' -NoNewWindow -PassThru,Stop-Process -Id 2556 -Force
2024-04-15,15:50:31.248024,svchost.exe,Start-Process -FilePath 'svchost.exe' -NoNewWindow -PassThru,Stop-Process -Id 2232 -Force
2024-04-15,15:49:30.203196,taskhostw.exe,Start-Process -FilePath 'taskhostw.exe' -NoNewWindow -PassThru,Stop-Process -Id 8396 -Force
2024-04-15,15:50:31.248024,svchost.exe,Start-Process -FilePath 'svchost.exe' -NoNewWindow -PassThru,Stop-Process -Id 2556 -Force
2024-04-15,15:49:30.203196,OfficeClickToRun.exe,Start-Process -FilePath 'OfficeClickToRun.exe' -NoNewWindow -PassThru,Stop-Process -Id 4764 -Force
2024-04-15,15:49:30.203196,RuntimeBroker.exe,Start-Process -FilePath 'RuntimeBroker.exe' -NoNewWindow -PassThru,Stop-Process -Id 27080 -Force
2024-04-15,15:49:30.203196,WmiPrvSE.exe,Start-Process -FilePath 'WmiPrvSE.exe' -NoNewWindow -PassThru,Stop-Process -Id 7012 -Force
2024-04-15,15:49:30.203196,sh.exe,Start-Process -FilePath 'sh.exe' -NoNewWindow -PassThru,Stop-Process -Id 20748 -Force
2024-04-15,15:50:31.248024,sh.exe,Start-Process -FilePath 'sh.exe' -NoNewWindow -PassThru,Stop-Process -Id 21368 -Force
2024-04-15,15:50:31.248024,SearchHost.exe,Start-Process -FilePath 'SearchHost.exe' -NoNewWindow -PassThru,Stop-Process -Id 9936 -Force
2024-04-15,15:50:31.248024,Code.exe,Start-Process -FilePath 'Code.exe' -NoNewWindow -PassThru,Stop-Process -Id 23104 -Force
2024-04-15,15:49:30.203196,XboxPcAppFT.exe,Start-Process -FilePath 'XboxPcAppFT.exe' -NoNewWindow -PassThru,Stop-Process -Id 4172 -Force
2024-04-15,15:49:30.203196,fontdrvhost.exe,Start-Process -FilePath 'fontdrvhost.exe' -NoNewWindow -PassThru,Stop-Process -Id 1756 -Force
2024-04-15,15:50:31.248024,EpicGamesLauncher.exe,Start-Process -FilePath 'EpicGamesLauncher.exe' -NoNewWindow -PassThru,Stop-Process -Id 2472 -Force
2024-04-15,15:49:30.203196,svchost.exe,Start-Process -FilePath 'svchost.exe' -NoNewWindow -PassThru,Stop-Process -Id 3096 -Force
2024-04-15,15:50:31.248024,svchost.exe,Start-Process -FilePath 'svchost.exe' -NoNewWindow -PassThru,Stop-Process -Id 8220 -Force
2024-04-15,15:50:31.248024,msedgewebview2.exe,Start-Process -FilePath 'msedgewebview2.exe' -NoNewWindow -PassThru,Stop-Process -Id 13720 -Force
2024-04-15,15:50:31.248024,wlanext.exe,Start-Process -FilePath 'wlanext.exe' -NoNewWindow -PassThru,Stop-Process -Id 6988 -Force
2024-04-15,15:50:31.248024,powershell.exe,Start-Process -FilePath 'powershell.exe' -NoNewWindow -PassThru,Stop-Process -Id 20300 -Force
2024-04-15,15:50:31.248024,msedge.exe,Start-Process -FilePath 'msedge.exe' -NoNewWindow -PassThru,Stop-Process -Id 15836 -Force
2024-04-15,15:50:31.248024,Code.exe,Start-Process -FilePath 'Code.exe' -NoNewWindow -PassThru,Stop-Process -Id 11812 -Force
2024-04-15,15:50:31.248024,IGCC.exe,Start-Process -FilePath 'IGCC.exe' -NoNewWindow -PassThru,Stop-Process -Id 27440 -Force
2024-04-15,15:49:30.203196,powershell.exe,Start-Process -FilePath 'powershell.exe' -NoNewWindow -PassThru,Stop-Process -Id 5884 -Force
2024-04-15,15:50:31.248024,conhost.exe,Start-Process -FilePath 'conhost.exe' -NoNewWindow -PassThru,Stop-Process -Id 20916 -Force
2024-04-15,15:49:30.203196,OneApp.IGCC.WinService.exe,Start-Process -FilePath 'OneApp.IGCC.WinService.exe' -NoNewWindow -PassThru,Stop-Process -Id 5124 -Force
2024-04-15,15:49:30.203196,AggregatorHost.exe,Start-Process -FilePath 'AggregatorHost.exe' -NoNewWindow -PassThru,Stop-Process -Id 8168 -Force
2024-04-15,15:50:31.248024,SecurityHealthSystray.exe,Start-Process -FilePath 'SecurityHealthSystray.exe' -NoNewWindow -PassThru,Stop-Process -Id 13760 -Force
2024-04-15,15:49:30.203196,,Start-Process -FilePath '' -NoNewWindow -PassThru,Stop-Process -Id 108 -Force
2024-04-15,15:49:30.203196,Code.exe,Start-Process -FilePath 'Code.exe' -NoNewWindow -PassThru,Stop-Process -Id 8900 -Force
2024-04-15,15:49:30.203196,conhost.exe,Start-Process -FilePath 'conhost.exe' -NoNewWindow -PassThru,Stop-Process -Id 19800 -Force
2024-04-15,15:49:30.203196,spoolsv.exe,Start-Process -FilePath 'spoolsv.exe' -NoNewWindow -PassThru,Stop-Process -Id 4556 -Force
2024-04-15,15:49:30.203196,Code.exe,Start-Process -FilePath 'Code.exe' -NoNewWindow -PassThru,Stop-Process -Id 11596 -Force
2024-04-15,15:49:30.203196,svchost.exe,Start-Process -FilePath 'svchost.exe' -NoNewWindow -PassThru,Stop-Process -Id 12604 -Force
2024-04-15,15:49:30.203196,svchost.exe,Start-Process -FilePath 'svchost.exe' -NoNewWindow -PassThru,Stop-Process -Id 9228 -Force
2024-04-15,15:50:31.248024,dllhost.exe,Start-Process -FilePath 'dllhost.exe' -NoNewWindow -PassThru,Stop-Process -Id 1776 -Force
2024-04-15,15:50:31.248024,WUDFHost.exe,Start-Process -FilePath 'WUDFHost.exe' -NoNewWindow -PassThru,Stop-Process -Id 3992 -Force
2024-04-15,15:50:31.248024,RtkAudUService64.exe,Start-Process -FilePath 'RtkAudUService64.exe' -NoNewWindow -PassThru,Stop-Process -Id 10144 -Force
2024-04-15,15:50:31.248024,esif_uf.exe,Start-Process -FilePath 'esif_uf.exe' -NoNewWindow -PassThru,Stop-Process -Id 4996 -Force
2024-04-15,15:49:30.203196,svchost.exe,Start-Process -FilePath 'svchost.exe' -NoNewWindow -PassThru,Stop-Process -Id 16264 -Force
2024-04-15,15:50:31.248024,svchost.exe,Start-Process -FilePath 'svchost.exe' -NoNewWindow -PassThru,Stop-Process -Id 12604 -Force
2024-04-15,15:50:31.248024,svchost.exe,Start-Process -FilePath 'svchost.exe' -NoNewWindow -PassThru,Stop-Process -Id 9228 -Force
2024-04-15,15:50:31.248024,powershell.exe,Start-Process -FilePath 'powershell.exe' -NoNewWindow -PassThru,Stop-Process -Id 22036 -Force
2024-04-15,15:50:31.248024,svchost.exe,Start-Process -FilePath 'svchost.exe' -NoNewWindow -PassThru,Stop-Process -Id 16264 -Force
2024-04-15,15:49:30.203196,svchost.exe,Start-Process -FilePath 'svchost.exe' -NoNewWindow -PassThru,Stop-Process -Id 4404 -Force
2024-04-15,15:49:30.203196,dllhost.exe,Start-Process -FilePath 'dllhost.exe' -NoNewWindow -PassThru,Stop-Process -Id 17112 -Force
2024-04-15,15:49:30.203196,SearchHost.exe,Start-Process -FilePath 'SearchHost.exe' -NoNewWindow -PassThru,Stop-Process -Id 9936 -Force
2024-04-15,15:49:30.203196,conhost.exe,Start-Process -FilePath 'conhost.exe' -NoNewWindow -PassThru,Stop-Process -Id 6008 -Force
2024-04-15,15:50:31.248024,git.exe,Start-Process -FilePath 'git.exe' -NoNewWindow -PassThru,Stop-Process -Id 26968 -Force
2024-04-15,15:50:31.248024,Code.exe,Start-Process -FilePath 'Code.exe' -NoNewWindow -PassThru,Stop-Process -Id 280 -Force
2024-04-15,15:50:31.248024,chrome.exe,Start-Process -FilePath 'chrome.exe' -NoNewWindow -PassThru,Stop-Process -Id 2376 -Force
2024-04-15,15:50:31.248024,svchost.exe,Start-Process -FilePath 'svchost.exe' -NoNewWindow -PassThru,Stop-Process -Id 4404 -Force
2024-04-15,15:49:30.203196,svchost.exe,Start-Process -FilePath 'svchost.exe' -NoNewWindow -PassThru,Stop-Process -Id 6484 -Force
2024-04-15,15:49:30.203196,svchost.exe,Start-Process -FilePath 'svchost.exe' -NoNewWindow -PassThru,Stop-Process -Id 4348 -Force
2024-04-15,15:50:31.248024,RtkAudUService64.exe,Start-Process -FilePath 'RtkAudUService64.exe' -NoNewWindow -PassThru,Stop-Process -Id 13844 -Force
2024-04-15,15:49:30.203196,svchost.exe,Start-Process -FilePath 'svchost.exe' -NoNewWindow -PassThru,Stop-Process -Id 7228 -Force
2024-04-15,15:50:31.248024,mongod.exe,Start-Process -FilePath 'mongod.exe' -NoNewWindow -PassThru,Stop-Process -Id 5068 -Force
2024-04-15,15:50:31.248024,git.exe,Start-Process -FilePath 'git.exe' -NoNewWindow -PassThru,Stop-Process -Id 13960 -Force
2024-04-15,15:50:31.248024,GoogleCrashHandler.exe,Start-Process -FilePath 'GoogleCrashHandler.exe' -NoNewWindow -PassThru,Stop-Process -Id 11700 -Force
2024-04-15,15:49:30.203196,Code.exe,Start-Process -FilePath 'Code.exe' -NoNewWindow -PassThru,Stop-Process -Id 18176 -Force
2024-04-15,15:50:31.248024,msedgewebview2.exe,Start-Process -FilePath 'msedgewebview2.exe' -NoNewWindow -PassThru,Stop-Process -Id 13932 -Force
2024-04-15,15:50:31.248024,svchost.exe,Start-Process -FilePath 'svchost.exe' -NoNewWindow -PassThru,Stop-Process -Id 6484 -Force
2024-04-15,15:49:30.203196,python.exe,Start-Process -FilePath 'python.exe' -NoNewWindow -PassThru,Stop-Process -Id 17440 -Force
2024-04-15,15:50:31.248024,MiService.exe,Start-Process -FilePath 'MiService.exe' -NoNewWindow -PassThru,Stop-Process -Id 4952 -Force
2024-04-15,15:49:30.203196,msedgewebview2.exe,Start-Process -FilePath 'msedgewebview2.exe' -NoNewWindow -PassThru,Stop-Process -Id 19792 -Force
2024-04-15,15:50:31.248024,Code.exe,Start-Process -FilePath 'Code.exe' -NoNewWindow -PassThru,Stop-Process -Id 25008 -Force
2024-04-15,15:50:31.248024,conhost.exe,Start-Process -FilePath 'conhost.exe' -NoNewWindow -PassThru,Stop-Process -Id 3036 -Force
2024-04-15,15:50:31.248024,Code.exe,Start-Process -FilePath 'Code.exe' -NoNewWindow -PassThru,Stop-Process -Id 4024 -Force
2024-04-15,15:49:30.203196,svchost.exe,Start-Process -FilePath 'svchost.exe' -NoNewWindow -PassThru,Stop-Process -Id 3112 -Force
2024-04-15,15:49:30.203196,powershell.exe,Start-Process -FilePath 'powershell.exe' -NoNewWindow -PassThru,Stop-Process -Id 23012 -Force
2024-04-15,15:49:30.203196,services.exe,Start-Process -FilePath 'services.exe' -NoNewWindow -PassThru,Stop-Process -Id 1500 -Force
2024-04-15,15:49:30.203196,svchost.exe,Start-Process -FilePath 'svchost.exe' -NoNewWindow -PassThru,Stop-Process -Id 3356 -Force
2024-04-15,15:49:30.203196,svchost.exe,Start-Process -FilePath 'svchost.exe' -NoNewWindow -PassThru,Stop-Process -Id 3808 -Force
2024-04-15,15:50:31.248024,Intel_PIE_Service.exe,Start-Process -FilePath 'Intel_PIE_Service.exe' -NoNewWindow -PassThru,Stop-Process -Id 7212 -Force
2024-04-15,15:49:30.203196,EpicWebHelper.exe,Start-Process -FilePath 'EpicWebHelper.exe' -NoNewWindow -PassThru,Stop-Process -Id 22316 -Force
2024-04-15,15:50:31.248024,svchost.exe,Start-Process -FilePath 'svchost.exe' -NoNewWindow -PassThru,Stop-Process -Id 3112 -Force
2024-04-15,15:50:31.248024,svchost.exe,Start-Process -FilePath 'svchost.exe' -NoNewWindow -PassThru,Stop-Process -Id 3356 -Force
2024-04-15,15:50:31.248024,svchost.exe,Start-Process -FilePath 'svchost.exe' -NoNewWindow -PassThru,Stop-Process -Id 3808 -Force
2024-04-15,15:49:30.203196,chrome.exe,Start-Process -FilePath 'chrome.exe' -NoNewWindow -PassThru,Stop-Process -Id 26668 -Force
2024-04-15,15:49:30.203196,svchost.exe,Start-Process -FilePath 'svchost.exe' -NoNewWindow -PassThru,Stop-Process -Id 16840 -Force
2024-04-15,15:49:30.203196,svchost.exe,Start-Process -FilePath 'svchost.exe' -NoNewWindow -PassThru,Stop-Process -Id 2400 -Force
2024-04-15,15:49:30.203196,svchost.exe,Start-Process -FilePath 'svchost.exe' -NoNewWindow -PassThru,Stop-Process -Id 3976 -Force
2024-04-15,15:50:31.248024,msedge.exe,Start-Process -FilePath 'msedge.exe' -NoNewWindow -PassThru,Stop-Process -Id 8876 -Force
2024-04-15,15:49:30.203196,PsfLauncher64.exe,Start-Process -FilePath 'PsfLauncher64.exe' -NoNewWindow -PassThru,Stop-Process -Id 16660 -Force
2024-04-15,15:50:31.248024,svchost.exe,Start-Process -FilePath 'svchost.exe' -NoNewWindow -PassThru,Stop-Process -Id 2400 -Force
2024-04-15,15:49:30.203196,EpicWebHelper.exe,Start-Process -FilePath 'EpicWebHelper.exe' -NoNewWindow -PassThru,Stop-Process -Id 8836 -Force
2024-04-15,15:50:31.248024,GoogleDriveFS.exe,Start-Process -FilePath 'GoogleDriveFS.exe' -NoNewWindow -PassThru,Stop-Process -Id 14540 -Force
2024-04-15,15:50:31.248024,svchost.exe,Start-Process -FilePath 'svchost.exe' -NoNewWindow -PassThru,Stop-Process -Id 3976 -Force
2024-04-15,15:50:31.248024,SearchIndexer.exe,Start-Process -FilePath 'SearchIndexer.exe' -NoNewWindow -PassThru,Stop-Process -Id 10532 -Force
2024-04-15,15:50:31.248024,chrome.exe,Start-Process -FilePath 'chrome.exe' -NoNewWindow -PassThru,Stop-Process -Id 2240 -Force
2024-04-15,15:49:30.203196,svchost.exe,Start-Process -FilePath 'svchost.exe' -NoNewWindow -PassThru,Stop-Process -Id 6136 -Force
2024-04-15,15:50:31.248024,XboxPcAppFT.exe,Start-Process -FilePath 'XboxPcAppFT.exe' -NoNewWindow -PassThru,Stop-Process -Id 4172 -Force
2024-04-15,15:49:30.203196,svchost.exe,Start-Process -FilePath 'svchost.exe' -NoNewWindow -PassThru,Stop-Process -Id 5208 -Force
2024-04-15,15:50:31.248024,smss.exe,Start-Process -FilePath 'smss.exe' -NoNewWindow -PassThru,Stop-Process -Id 652 -Force
2024-04-15,15:49:30.203196,UserOOBEBroker.exe,Start-Process -FilePath 'UserOOBEBroker.exe' -NoNewWindow -PassThru,Stop-Process -Id 17528 -Force
2024-04-15,15:50:31.248024,sh.exe,Start-Process -FilePath 'sh.exe' -NoNewWindow -PassThru,Stop-Process -Id 8264 -Force
2024-04-15,15:49:30.203196,OSDUtility.exe,Start-Process -FilePath 'OSDUtility.exe' -NoNewWindow -PassThru,Stop-Process -Id 7628 -Force
2024-04-15,15:49:30.203196,SecurityHealthService.exe,Start-Process -FilePath 'SecurityHealthService.exe' -NoNewWindow -PassThru,Stop-Process -Id 13788 -Force
2024-04-15,15:50:31.248024,svchost.exe,Start-Process -FilePath 'svchost.exe' -NoNewWindow -PassThru,Stop-Process -Id 2972 -Force
2024-04-15,15:50:31.248024,Lively.exe,Start-Process -FilePath 'Lively.exe' -NoNewWindow -PassThru,Stop-Process -Id 16028 -Force
2024-04-15,15:49:30.203196,chrome.exe,Start-Process -FilePath 'chrome.exe' -NoNewWindow -PassThru,Stop-Process -Id 2200 -Force
2024-04-15,15:49:30.203196,RuntimeBroker.exe,Start-Process -FilePath 'RuntimeBroker.exe' -NoNewWindow -PassThru,Stop-Process -Id 9128 -Force
2024-04-15,15:49:30.203196,msedgewebview2.exe,Start-Process -FilePath 'msedgewebview2.exe' -NoNewWindow -PassThru,Stop-Process -Id 21016 -Force
2024-04-15,15:49:30.203196,svchost.exe,Start-Process -FilePath 'svchost.exe' -NoNewWindow -PassThru,Stop-Process -Id 11084 -Force
2024-04-15,15:49:30.203196,csrss.exe,Start-Process -FilePath 'csrss.exe' -NoNewWindow -PassThru,Stop-Process -Id 1436 -Force
2024-04-15,15:49:30.203196,Code.exe,Start-Process -FilePath 'Code.exe' -NoNewWindow -PassThru,Stop-Process -Id 3932 -Force
2024-04-15,15:49:30.203196,LockApp.exe,Start-Process -FilePath 'LockApp.exe' -NoNewWindow -PassThru,Stop-Process -Id 26444 -Force
2024-04-15,15:50:31.248024,Code.exe,Start-Process -FilePath 'Code.exe' -NoNewWindow -PassThru,Stop-Process -Id 6588 -Force
2024-04-15,15:50:31.248024,svchost.exe,Start-Process -FilePath 'svchost.exe' -NoNewWindow -PassThru,Stop-Process -Id 11084 -Force
2024-04-15,15:50:31.248024,chrome.exe,Start-Process -FilePath 'chrome.exe' -NoNewWindow -PassThru,Stop-Process -Id 20540 -Force
2024-04-15,15:50:31.248024,spoolsv.exe,Start-Process -FilePath 'spoolsv.exe' -NoNewWindow -PassThru,Stop-Process -Id 4556 -Force
2024-04-15,15:49:30.203196,MemCompression,Start-Process -FilePath 'MemCompression' -NoNewWindow -PassThru,Stop-Process -Id 3508 -Force
2024-04-15,15:49:30.203196,svchost.exe,Start-Process -FilePath 'svchost.exe' -NoNewWindow -PassThru,Stop-Process -Id 7340 -Force
2024-04-15,15:50:31.248024,chrome.exe,Start-Process -FilePath 'chrome.exe' -NoNewWindow -PassThru,Stop-Process -Id 17660 -Force
2024-04-15,15:50:31.248024,msedge.exe,Start-Process -FilePath 'msedge.exe' -NoNewWindow -PassThru,Stop-Process -Id 24084 -Force
2024-04-15,15:50:31.248024,svchost.exe,Start-Process -FilePath 'svchost.exe' -NoNewWindow -PassThru,Stop-Process -Id 10208 -Force
2024-04-15,15:49:30.203196,conhost.exe,Start-Process -FilePath 'conhost.exe' -NoNewWindow -PassThru,Stop-Process -Id 22112 -Force
2024-04-15,15:49:30.203196,dptf_helper.exe,Start-Process -FilePath 'dptf_helper.exe' -NoNewWindow -PassThru,Stop-Process -Id 8156 -Force
2024-04-15,15:49:30.203196,svchost.exe,Start-Process -FilePath 'svchost.exe' -NoNewWindow -PassThru,Stop-Process -Id 1744 -Force
2024-04-15,15:50:31.248024,MsMpEng.exe,Start-Process -FilePath 'MsMpEng.exe' -NoNewWindow -PassThru,Stop-Process -Id 2424 -Force
2024-04-15,15:49:30.203196,conhost.exe,Start-Process -FilePath 'conhost.exe' -NoNewWindow -PassThru,Stop-Process -Id 12548 -Force
2024-04-15,15:49:30.203196,CodeSetup-stable-e170252f762678dec6ca2cc69aba1570769a5d39.exe,Start-Process -FilePath 'CodeSetup-stable-e170252f762678dec6ca2cc69aba1570769a5d39.exe' -NoNewWindow -PassThru,Stop-Process -Id 884 -Force
2024-04-15,15:50:31.248024,conhost.exe,Start-Process -FilePath 'conhost.exe' -NoNewWindow -PassThru,Stop-Process -Id 8872 -Force
2024-04-15,15:49:30.203196,chrome.exe,Start-Process -FilePath 'chrome.exe' -NoNewWindow -PassThru,Stop-Process -Id 21724 -Force
2024-04-15,15:49:30.203196,powershell.exe,Start-Process -FilePath 'powershell.exe' -NoNewWindow -PassThru,Stop-Process -Id 24680 -Force
2024-04-15,15:50:31.248024,powershell.exe,Start-Process -FilePath 'powershell.exe' -NoNewWindow -PassThru,Stop-Process -Id 25568 -Force
2024-04-15,15:49:30.203196,MsMpEng.exe,Start-Process -FilePath 'MsMpEng.exe' -NoNewWindow -PassThru,Stop-Process -Id 2424 -Force
2024-04-15,15:49:30.203196,XboxGameBarWidgets.exe,Start-Process -FilePath 'XboxGameBarWidgets.exe' -NoNewWindow -PassThru,Stop-Process -Id 17916 -Force
2024-04-15,15:50:31.248024,WMIRegistrationService.exe,Start-Process -FilePath 'WMIRegistrationService.exe' -NoNewWindow -PassThru,Stop-Process -Id 5312 -Force
2024-04-15,15:49:30.203196,OneDrive.exe,Start-Process -FilePath 'OneDrive.exe' -NoNewWindow -PassThru,Stop-Process -Id 21652 -Force
2024-04-15,15:49:30.203196,lsass.exe,Start-Process -FilePath 'lsass.exe' -NoNewWindow -PassThru,Stop-Process -Id 1536 -Force
2024-04-15,15:49:30.203196,svchost.exe,Start-Process -FilePath 'svchost.exe' -NoNewWindow -PassThru,Stop-Process -Id 3284 -Force
2024-04-15,15:50:31.248024,Code.exe,Start-Process -FilePath 'Code.exe' -NoNewWindow -PassThru,Stop-Process -Id 18176 -Force
2024-04-15,15:49:30.203196,fontdrvhost.exe,Start-Process -FilePath 'fontdrvhost.exe' -NoNewWindow -PassThru,Stop-Process -Id 1760 -Force
2024-04-15,15:49:30.203196,svchost.exe,Start-Process -FilePath 'svchost.exe' -NoNewWindow -PassThru,Stop-Process -Id 3604 -Force
2024-04-15,15:49:30.203196,Code.exe,Start-Process -FilePath 'Code.exe' -NoNewWindow -PassThru,Stop-Process -Id 21324 -Force
2024-04-15,15:49:30.203196,svchost.exe,Start-Process -FilePath 'svchost.exe' -NoNewWindow -PassThru,Stop-Process -Id 3472 -Force
2024-04-15,15:49:30.203196,jhi_service.exe,Start-Process -FilePath 'jhi_service.exe' -NoNewWindow -PassThru,Stop-Process -Id 5780 -Force
2024-04-15,15:50:31.248024,ApplicationFrameHost.exe,Start-Process -FilePath 'ApplicationFrameHost.exe' -NoNewWindow -PassThru,Stop-Process -Id 14756 -Force
2024-04-15,15:49:30.203196,chrome.exe,Start-Process -FilePath 'chrome.exe' -NoNewWindow -PassThru,Stop-Process -Id 11660 -Force
2024-04-15,15:50:31.248024,msedgewebview2.exe,Start-Process -FilePath 'msedgewebview2.exe' -NoNewWindow -PassThru,Stop-Process -Id 19792 -Force
2024-04-15,15:49:30.203196,svchost.exe,Start-Process -FilePath 'svchost.exe' -NoNewWindow -PassThru,Stop-Process -Id 4720 -Force
2024-04-15,15:50:31.248024,svchost.exe,Start-Process -FilePath 'svchost.exe' -NoNewWindow -PassThru,Stop-Process -Id 3472 -Force
2024-04-15,15:50:31.248024,Widgets.exe,Start-Process -FilePath 'Widgets.exe' -NoNewWindow -PassThru,Stop-Process -Id 10044 -Force
2024-04-15,15:49:30.203196,MAFSvr.exe,Start-Process -FilePath 'MAFSvr.exe' -NoNewWindow -PassThru,Stop-Process -Id 4888 -Force
2024-04-15,15:49:30.203196,WhatsApp.exe,Start-Process -FilePath 'WhatsApp.exe' -NoNewWindow -PassThru,Stop-Process -Id 12424 -Force
2024-04-15,15:50:31.248024,conhost.exe,Start-Process -FilePath 'conhost.exe' -NoNewWindow -PassThru,Stop-Process -Id 9016 -Force
2024-04-15,15:50:31.248024,svchost.exe,Start-Process -FilePath 'svchost.exe' -NoNewWindow -PassThru,Stop-Process -Id 4720 -Force
2024-04-15,15:50:31.248024,taskhostw.exe,Start-Process -FilePath 'taskhostw.exe' -NoNewWindow -PassThru,Stop-Process -Id 21288 -Force
2024-04-15,15:50:31.248024,NisSrv.exe,Start-Process -FilePath 'NisSrv.exe' -NoNewWindow -PassThru,Stop-Process -Id 2020 -Force
2024-04-15,15:50:31.248024,svchost.exe,Start-Process -FilePath 'svchost.exe' -NoNewWindow -PassThru,Stop-Process -Id 3020 -Force
2024-04-15,15:50:31.248024,Code.exe,Start-Process -FilePath 'Code.exe' -NoNewWindow -PassThru,Stop-Process -Id 16196 -Force
2024-04-15,15:49:30.203196,svchost.exe,Start-Process -FilePath 'svchost.exe' -NoNewWindow -PassThru,Stop-Process -Id 7528 -Force
2024-04-15,15:50:31.248024,RuntimeBroker.exe,Start-Process -FilePath 'RuntimeBroker.exe' -NoNewWindow -PassThru,Stop-Process -Id 5740 -Force
2024-04-15,15:50:31.248024,chrome.exe,Start-Process -FilePath 'chrome.exe' -NoNewWindow -PassThru,Stop-Process -Id 10032 -Force
2024-04-15,15:50:31.248024,svchost.exe,Start-Process -FilePath 'svchost.exe' -NoNewWindow -PassThru,Stop-Process -Id 7528 -Force
2024-04-15,15:50:31.248024,Code.exe,Start-Process -FilePath 'Code.exe' -NoNewWindow -PassThru,Stop-Process -Id 23244 -Force
2024-04-15,15:49:30.203196,dllhost.exe,Start-Process -FilePath 'dllhost.exe' -NoNewWindow -PassThru,Stop-Process -Id 11912 -Force
2024-04-15,15:49:30.203196,conhost.exe,Start-Process -FilePath 'conhost.exe' -NoNewWindow -PassThru,Stop-Process -Id 848 -Force
2024-04-15,15:49:30.203196,OSDService.exe,Start-Process -FilePath 'OSDService.exe' -NoNewWindow -PassThru,Stop-Process -Id 5052 -Force
2024-04-15,15:49:30.203196,svchost.exe,Start-Process -FilePath 'svchost.exe' -NoNewWindow -PassThru,Stop-Process -Id 4704 -Force
2024-04-15,15:49:30.203196,powershell.exe,Start-Process -FilePath 'powershell.exe' -NoNewWindow -PassThru,Stop-Process -Id 9448 -Force
2024-04-15,15:50:31.248024,chrome.exe,Start-Process -FilePath 'chrome.exe' -NoNewWindow -PassThru,Stop-Process -Id 5576 -Force
2024-04-15,15:49:30.203196,WUDFHost.exe,Start-Process -FilePath 'WUDFHost.exe' -NoNewWindow -PassThru,Stop-Process -Id 1956 -Force
2024-04-15,15:49:30.203196,svchost.exe,Start-Process -FilePath 'svchost.exe' -NoNewWindow -PassThru,Stop-Process -Id 2444 -Force
2024-04-15,15:50:31.248024,OSDService.exe,Start-Process -FilePath 'OSDService.exe' -NoNewWindow -PassThru,Stop-Process -Id 5052 -Force
2024-04-15,15:50:31.248024,conhost.exe,Start-Process -FilePath 'conhost.exe' -NoNewWindow -PassThru,Stop-Process -Id 16484 -Force
2024-04-15,15:49:30.203196,svchost.exe,Start-Process -FilePath 'svchost.exe' -NoNewWindow -PassThru,Stop-Process -Id 4812 -Force
2024-04-15,15:50:31.248024,svchost.exe,Start-Process -FilePath 'svchost.exe' -NoNewWindow -PassThru,Stop-Process -Id 4704 -Force
2024-04-15,15:49:30.203196,conhost.exe,Start-Process -FilePath 'conhost.exe' -NoNewWindow -PassThru,Stop-Process -Id 12524 -Force
2024-04-15,15:50:31.248024,Code.exe,Start-Process -FilePath 'Code.exe' -NoNewWindow -PassThru,Stop-Process -Id 6816 -Force
2024-04-15,15:49:30.203196,powershell.exe,Start-Process -FilePath 'powershell.exe' -NoNewWindow -PassThru,Stop-Process -Id 2572 -Force
2024-04-15,15:50:31.248024,svchost.exe,Start-Process -FilePath 'svchost.exe' -NoNewWindow -PassThru,Stop-Process -Id 4812 -Force
2024-04-15,15:50:31.248024,conhost.exe,Start-Process -FilePath 'conhost.exe' -NoNewWindow -PassThru,Stop-Process -Id 23748 -Force
2024-04-15,15:49:30.203196,svchost.exe,Start-Process -FilePath 'svchost.exe' -NoNewWindow -PassThru,Stop-Process -Id 5756 -Force
2024-04-15,15:50:31.248024,Code.exe,Start-Process -FilePath 'Code.exe' -NoNewWindow -PassThru,Stop-Process -Id 27408 -Force
2024-04-15,15:49:30.203196,svchost.exe,Start-Process -FilePath 'svchost.exe' -NoNewWindow -PassThru,Stop-Process -Id 6844 -Force
2024-04-15,15:49:30.203196,RuntimeBroker.exe,Start-Process -FilePath 'RuntimeBroker.exe' -NoNewWindow -PassThru,Stop-Process -Id 10188 -Force
2024-04-15,15:50:31.248024,DtsApo4Service.exe,Start-Process -FilePath 'DtsApo4Service.exe' -NoNewWindow -PassThru,Stop-Process -Id 4740 -Force
2024-04-15,15:50:31.248024,SecurityHealthService.exe,Start-Process -FilePath 'SecurityHealthService.exe' -NoNewWindow -PassThru,Stop-Process -Id 13788 -Force
2024-04-15,15:50:31.248024,explorer.exe,Start-Process -FilePath 'explorer.exe' -NoNewWindow -PassThru,Stop-Process -Id 8728 -Force
2024-04-15,15:50:31.248024,fontdrvhost.exe,Start-Process -FilePath 'fontdrvhost.exe' -NoNewWindow -PassThru,Stop-Process -Id 1756 -Force
2024-04-15,15:49:30.203196,python.exe,Start-Process -FilePath 'python.exe' -NoNewWindow -PassThru,Stop-Process -Id 20788 -Force
2024-04-15,15:49:30.203196,SystemSettingsBroker.exe,Start-Process -FilePath 'SystemSettingsBroker.exe' -NoNewWindow -PassThru,Stop-Process -Id 4620 -Force
2024-04-15,15:49:30.203196,python.exe,Start-Process -FilePath 'python.exe' -NoNewWindow -PassThru,Stop-Process -Id 13108 -Force
2024-04-15,15:50:31.248024,svchost.exe,Start-Process -FilePath 'svchost.exe' -NoNewWindow -PassThru,Stop-Process -Id 5756 -Force
2024-04-15,15:50:31.248024,RuntimeBroker.exe,Start-Process -FilePath 'RuntimeBroker.exe' -NoNewWindow -PassThru,Stop-Process -Id 9128 -Force
2024-04-15,15:50:31.248024,svchost.exe,Start-Process -FilePath 'svchost.exe' -NoNewWindow -PassThru,Stop-Process -Id 6844 -Force
2024-04-15,15:49:30.203196,svchost.exe,Start-Process -FilePath 'svchost.exe' -NoNewWindow -PassThru,Stop-Process -Id 12704 -Force
